"~id","~label","name:String"
"a0b0adaa-9b13-4dbf-a0e3-0530bb905b50","director","Frank Darabont"
"46cdb583-f906-42a5-a71a-df637c74b291","director","Francis Ford Coppola"
"04e9f15d-a14c-4b7c-8320-abc7e5f66783","director","Christopher Nolan"
"c41fc242-fb9f-4c7c-b44a-1764cddbcc9b","director","Sidney Lumet"
"26dcb643-2297-446a-be15-852f3a686e8c","director","Peter Jackson"
"59e4bf6a-ab28-49f5-b9c6-3bdf2e16aa5d","director","Quentin Tarantino"
"d7681dff-a7ad-48c8-b113-b3d3533b6633","director","Steven Spielberg"
"20023a73-56df-48b6-81e6-346bcf29ad2d","director","David Fincher"
"bce72c5e-ba04-41a7-b369-99bb8edbeec1","director","Robert Zemeckis"
"64c3f27b-5e63-4bc6-a638-e399958bd6ae","director","Sergio Leone"
"9c7ba5d5-cb7d-4b92-98c5-5ce150234a3b","director","Lana Wachowski"
"5809a9cd-733e-48c6-b719-c385dd8d497a","director","Martin Scorsese"
"f499b431-e330-4eb1-8138-744e02f9654e","director","Irvin Kershner"
"6f16e7a5-e03e-4004-98b4-854548ef5afc","director","Milos Forman"
"50615460-7a0a-43e5-8b66-9e5abac41c66","director","Thomas Kail"
"9ae3eaa9-d5c5-454a-a8ce-477c260b9924","director","Bong Joon Ho"
"c4fb414a-afb6-43ed-b847-c2cf11cb53d8","director","Sudha Kongara"
"f90dec6f-49a1-485c-b05b-99d11ad87e0c","director","Fernando Meirelles"
"f87c9237-1f0c-4632-b2f3-f0b0dc168942","director","Hayao Miyazaki"
"31768602-d124-42f0-9589-dcecc2b84d5f","director","Roberto Benigni"
"81b4f008-7bcb-46fb-b84f-00c9116fe824","director","Jonathan Demme"
"200e9b52-b365-4c91-80f5-0d580361f705","director","George Lucas"
"e9e8e0f9-2b66-4cd3-bb8d-a4a79bdb9c78","director","Masaki Kobayashi"
"c6b140d5-2498-4944-8cc3-10f70602a4e8","director","Akira Kurosawa"
"3fe42d3e-5860-4d1b-94dc-4b373ec61962","director","Frank Capra"
"583a555e-3ad0-4d92-8965-739fdf6aa7f6","director","Todd Phillips"
"c36dac31-8ae1-458f-adc3-7850c174e880","director","Damien Chazelle"
"4928d368-e054-4ad7-8533-5a7988f632b0","director","Olivier Nakache"
"f436cd95-c6f6-485f-b5bb-3620394600da","director","Roman Polanski"
"ff774674-37b1-4208-bd3d-3db54e3b7a22","director","Ridley Scott"
"a0af97bc-0ec2-4b13-8567-4df8ae381746","director","Tony Kaye"
"22596f77-0b9b-4564-8f3f-338ae6f05f79","director","Bryan Singer"
"6032e846-21ae-4453-a34f-a26bacd23de6","director","Luc Besson"
"96dec4be-c638-40c2-9ba2-43fc3c47ca6e","director","Roger Allers"
"e5a6e8e9-3f8d-42ef-8818-9bb904d037a7","director","James Cameron"
"232a1bab-8c51-4b9c-99b1-1b114ccc072a","director","Giuseppe Tornatore"
"3f7bc40f-9b31-4c50-a619-ed52b605862f","director","Isao Takahata"
"cbae32d8-cfbd-4703-8368-0da6d701fe35","director","Alfred Hitchcock"
"ec550664-8610-4bc9-9473-925e03742908","director","Michael Curtiz"
"5c9f491d-20c9-4413-892f-409ae3438d53","director","Charles Chaplin"
"8c8a92e9-7b06-425f-a0aa-e3e8254979a3","director","Nadine Labaki"
"56c41d62-f024-42b9-93c5-a32197ef973f","director","Can Ulkay"
"d1d1c206-5b99-4f0c-b1ae-ebe168158a3f","director","Gayatri"
"1766db93-37cf-4728-ae76-d74586b96145","director","Makoto Shinkai"
"e1911a71-ddb0-44f3-a15c-9f75729140fc","director","Nitesh Tiwari"
"5497284e-2535-407c-931b-03a4d27fbf67","director","Bob Persichetti"
"35d8b436-d737-456b-868b-9f315fcf9769","director","Anthony Russo"
"e4dff4ef-26f3-4ecc-9369-c082b01b1298","director","Lee Unkrich"
"52092c90-7b12-4d01-be3a-4e33ab4ebc38","director","Rajkumar Hirani"
"627fb980-a450-480d-b8c6-70e34adbf53e","director","Aamir Khan"
"57c063aa-6f1a-4f92-9c8c-be31c2ed8d11","director","Andrew Stanton"
"60b08d97-23fa-4f7b-ab1b-c80f0c0f3abe","director","Florian Henckel von Donnersmarck"
"94f6b966-6384-442c-bdf4-03da7371b110","director","Chan-wook Park"
"36970136-d3da-4fcb-b467-5074f42e50ab","director","Stanley Kubrick"
"2809ca3b-6772-4b64-a2bc-6aaf89bbb3e5","director","Hrishikesh Mukherjee"
"8f23dcb7-9fa2-410f-a95f-a69499ef35be","director","Billy Wilder"
"efeed37c-cba3-44fe-ae63-6bd7497a373b","director","Sam Mendes"
"f771a4dc-6d08-487c-9b0b-0a13e2b75b30","director","Rahi Anil Barve"
"cab8bb9b-0ff6-42bb-b3ca-9a23a575d8c4","director","Sriram Raghavan"
"4d98760e-59cb-4e22-b10d-769efb6fe236","director","Jeethu Joseph"
"02395646-6909-4511-b055-73cccdce3097","director","Thomas Vinterberg"
"2c10e078-a8a7-406c-a6a4-9475c68f70c9","director","Asghar Farhadi"
"f58d199c-0741-4b90-934c-fef5664080e6","director","Denis Villeneuve"
"e7842d93-59b0-4548-915d-7853487ecdaf","director","Mehmet Ada Öztekin"
"b32e1487-9470-4887-b814-9bf8e685ab04","director","Çagan Irmak"
"54148425-1adc-432e-968a-44168aa97a3a","director","Michel Gondry"
"b5a8e593-1411-4e34-81b9-6e2199c6272b","director","Jean-Pierre Jeunet"
"07a1e36c-3805-47c3-81c0-b25aefab253e","director","Guy Ritchie"
"25aea4c5-3387-4f87-ba60-ae2206a1807d","director","Darren Aronofsky"
"99d3f35b-8d37-4ddf-a083-1c8032696022","director","Gus Van Sant"
"641b068a-5319-4c22-b010-aa28cfb9dfab","director","Majid Majidi"
"8212ac1c-ed61-472a-8dd5-6aa06c01347c","director","John Lasseter"
"ac48b312-b1a1-4c43-9b35-5cd5b9ac2c59","director","Mel Gibson"
"f278f72b-292d-45a6-8132-f247937e4638","director","Elem Klimov"
"b5a48b2e-16c7-4e34-b4a1-fa16d6451a81","director","Brian De Palma"
"b396d082-21fd-474c-992b-561a57474b94","director","Richard Marquand"
"25dc1344-9dc0-479e-afa2-56433eb72ab1","director","Wolfgang Petersen"
"54bf84b4-c010-4c96-ae20-88a15cbcc3a4","director","George Roy Hill"
"069f9fd2-f0b8-451a-a06f-bd9a95a9d50c","director","David Lean"
"d9c4ab5a-9372-4cff-929e-a39c7024908b","director","Stanley Donen"
"d30abc82-2979-4adc-a501-47ba712e0d53","director","Vittorio De Sica"
"0cfd16ee-4d22-4017-b441-2a62fe7543f9","director","Orson Welles"
"8fcac20b-85a8-4732-bc6e-cfab294ce39d","director","Fritz Lang"
"eb3004cd-5efc-484e-ab09-c9d39cfd3c87","director","Aditya Dhar"
"cb0f4ddf-8725-4f0b-9bd3-28e5466ab03d","director","Prashanth Neel"
"c0f80e48-4c2b-41b1-b062-f9210e181758","director","Peter Farrelly"
"5a111c98-3746-45db-bc3e-6c050f7e402e","director","Martin McDonagh"
"48340aa5-bbe8-457c-8900-4e5ca7be132c","director","Meghna Gulzar"
"da4f52fa-bc8e-4c2f-ae1a-f8e0d14ff3f6","director","S.S. Rajamouli"
"faa69b36-a0f2-47e9-b0e0-4baa9c76e5b4","director","Sergio Pablos"
"75b1b7e6-653e-4985-86e8-89242f29e8d5","director","Nishikant Kamat"
"9d4aa6c9-9eeb-4589-94cc-a2781e7a462c","director","Vikas Bahl"
"4ad84267-a067-4bd4-a837-dfa7b889ced7","director","Zaza Urushadze"
"c412434f-04b2-46da-8461-4b4724afd9de","director","Rakeysh Omprakash Mehra"
"9b15add0-b031-4805-86ce-bb3c138e3202","director","Anurag Kashyap"
"983c05b1-c41c-4c85-b465-7702b33b68b5","director","Vikramaditya Motwane"
"986176e2-b385-4bd6-8470-050313f8e963","director","Tigmanshu Dhulia"
"ff7ff7b4-e292-49a5-abdd-b16e0ff359ba","director","Juan José Campanella"
"038466dc-a952-4df2-aab7-a01d23a845b1","director","Gavin O'Connor"
"dd09b890-8c8f-4922-bb0f-c63a443b3b65","director","Pete Docter"
"7a241b17-03ce-4378-8c9d-4a7298047d7f","director","Shimit Amin"
"9e983328-a2f0-4b33-86a3-60c48203ab94","director","Paul Thomas Anderson"
"3d7b9bfe-4a75-4ea4-bc26-edcbdfda23df","director","Guillermo del Toro"
"a6e20f14-ff67-41c8-9614-7c5dce0241e1","director","James McTeigue"
"912ccecc-cf12-45e8-92a2-9a9b22eadaad","director","Sanjay Leela Bhansali"
"11a99b20-fe07-4f8b-a43b-23a03377bc7d","director","Ashutosh Gowariker"
"c977844f-0717-4d89-848e-bf22023f0d24","director","Oliver Hirschbiegel"
"1d7e53d0-326b-4779-b5f0-971d76abf236","director","Ron Howard"
"d517c87f-91f0-4f17-9574-dafc9b982336","director","Priyadarshan"
"146d1319-ef0b-4fc6-baad-7b94812c2d62","director","Curtis Hanson"
"66211119-8d88-4dcc-8e14-f4e2876ab94e","director","Yavuz Turgul"
"6c6148c9-e7ec-48fa-ad8d-e1cd315dae29","director","Michael Mann"
"5c9b955c-f80c-49b1-9d27-850d672fd32b","director","Rajkumar Santoshi"
"572b71b6-7f88-4b73-860c-6733a686fa62","director","Clint Eastwood"
"4254c3a6-7e9d-4c45-b83b-3b3a32354279","director","Emir Kusturica"
"fae7497b-918c-49d9-80b8-bd3ae51b6814","director","John McTiernan"
"f2bce908-f059-48c7-9d9b-f5985d6935e0","director","Andrei Tarkovsky"
"050e0f6e-3f04-4ea4-aea8-35a808dc822d","director","Ingmar Bergman"
"e0e8144f-11c0-4bfd-944e-503bb5453a28","director","Moustapha Akkad"
"0401543f-6252-4344-b994-ff89d950a6a7","director","Ramesh Sippy"
"ff2a8f20-2891-4515-9a01-2653fc44bd30","director","Terry Gilliam"
"83ad1d8f-3f7d-49e4-ae20-6ae7e1729d12","director","John Sturges"
"2713334f-c6fb-409c-bdb0-cfab61f91b29","director","Robert Mulligan"
"52d66940-1686-4145-97a8-91a45b86023d","director","Stanley Kramer"
"63ee8c2c-dcee-4b8e-a2c4-6ea164ce5d22","director","Jules Dassin"
"5deba71c-3230-4572-996c-6b601fed5c90","director","Yasujirô Ozu"
"65b7e35d-9f5c-4ff0-ad71-3da59b4a72ca","director","Joseph L. Mankiewicz"
"9898ac40-d5ca-41b4-b664-70673cd1964d","director","John Huston"
"fa4949f5-83b9-436f-81b3-11065a87e7ed","director","Ernst Lubitsch"
"359512fd-92df-48b5-a506-ed0ce0cd6bc9","director","Buster Keaton"
"ab66968f-aa76-47b8-9a3e-73825f5fd431","director","Céline Sciamma"
"3db5612f-6593-4803-93a7-ca529fb901cd","director","Aniruddha Roy Chowdhury"
"68be2d57-febb-4748-828e-9fb15fe16fb8","director","Naoko Yamada"
"53f99a14-4576-430b-b34c-0bd5bc87c979","director","Oriol Paulo"
"8cd65741-d403-4f65-af83-a26f79714f4e","director","Xavier Dolan"
"fd6f1902-6ff7-4f27-a034-940f5d6d0d90","director","Vishal Bhardwaj"
"18b783ac-03e9-4e1f-a5f0-cc78f4c72cb8","director","James Mangold"
"a7c3e637-7974-4837-be13-0916cd3d04e1","director","Lenny Abrahamson"
"2cdfdac4-36b2-48d7-a50a-6dd4bfaacf93","director","Damián Szifron"
"88cce7d1-164a-425a-b2b8-006f9a52fcd2","director","Nuri Bilge Ceylan"
"0e2654e8-709f-4939-96ef-285377d5f0ba","director","Umesh Shukla"
"cd1d8128-5efa-4fa2-a717-0a4e5deeb515","director","Wes Anderson"
"56675a32-1ce7-4306-beb6-bfd5dec95164","director","Mamoru Hosoda"
"c49e8e7c-460e-4a04-b78e-f087ccd38054","director","Anurag Basu"
"413f6f14-e825-4b66-a350-6a4395d64490","director","Steve McQueen"
"8c716ba8-5fa1-4002-8155-27d0d3cee439","director","Tom McCarthy"
"0afe8b8c-471e-45ee-b962-0e6be548b018","director","Tomm Moore"
"13cc2000-0c57-4e19-921a-75a5e96945e8","director","Sujoy Ghosh"
"8458df46-9e0c-459d-b695-c4846bf9a425","director","Zoya Akhtar"
"4c909052-e4f3-4c8f-94b5-0c6eec1c45c9","director","George Miller"
"b9f1af86-4647-4816-a017-24952231dc7e","director","Neeraj Pandey"
"cb08f0e2-098c-4b45-b423-0d0f4de2ad9f","director","David Yates"
"fea5065d-61fa-4249-b1f4-26799bc42261","director","Yôjirô Takita"
"ba0a3f98-92c7-46de-99ae-9b95d2f0a296","director","Lasse Hallström"
"7e06915b-00b2-49ff-b5cb-3f36de7e89f8","director","Adam Elliot"
"f4b295ce-b555-48b0-a978-8f04e600f9f7","director","Dean DeBlois"
"b350616c-7636-4288-aede-175226c0641e","director","Sean Penn"
"e9211d74-5b53-4403-9cee-1241032bb9bd","director","Ethan Coen"
"24aca9e7-5cfd-4476-96b3-005105d28f96","director","Terry George"
"7222ae43-38b9-4e6d-921b-28c58437a077","director","Je-kyu Kang"
"6423b153-436a-4ac2-8580-673ceb77ea65","director","Richard Linklater"
"d7c3c50d-fbeb-4239-bbe3-bcc90f0a7645","director","Farhan Akhtar"
"5d2b7d3c-c4e4-462b-ae2b-17d658a35810","director","Alejandro G. Iñárritu"
"34c18a01-c0cc-40e1-b1d0-667b72f59959","director","Hideaki Anno"
"04d0370d-6c9b-4af5-8898-1725a4d658da","director","M. Night Shyamalan"
"f6f22e55-472a-4809-9a55-fff776f16127","director","Peter Weir"
"27aceff2-2b30-4b37-8d56-d009829f0521","director","Joel Coen"
"c8534ccb-68b8-4e6d-b8bf-8c005bfffb98","director","Kar-Wai Wong"
"ca3da4fc-68ca-4847-b45b-62c611e3a639","director","Danny Boyle"
"130401f4-e59b-430a-94cc-c3f650d26494","director","Mathieu Kassovitz"
"c6b84f29-ec64-4153-932a-69fc0248c6db","director","Aditya Chopra"
"f5eb390f-3004-4bb8-a4f7-6498e2b07c99","director","Krzysztof Kieslowski"
"f714c1e9-e357-4944-8e9c-baf0d62b8f24","director","Jim Sheridan"
"a0cfe7b6-dc39-46c2-aeaa-0150a2c1cc77","director","Kaige Chen"
"d1c2c2a7-4448-441d-a87c-61f6253997af","director","Yimou Zhang"
"70b6ef71-2973-44d2-ac1c-2a6d0df35ceb","director","Rob Reiner"
"22abd819-3d5f-4905-9ea6-49d1952a69fa","director","Oliver Stone"
"79ddbbb0-86ad-4fb8-91ab-1cc3d940e30e","director","Wim Wenders"
"f9c9b3a0-a5a9-4791-bcf7-ae7189a2bea5","director","John Carpenter"
"d2964afc-0308-4657-a343-c5df479c665f","director","Alan Parker"
"44f62ffb-9a7c-4807-9169-1428218460a9","director","Werner Herzog"
"68dc8921-3e67-4f02-a22a-946ed41074b6","director","David Lynch"
"71fd06ca-5d42-4f12-8b48-87e27780085c","director","Terry Jones"
"7ca61b93-d05a-494a-8d04-56a5c8b5691e","director","Michael Cimino"
"38f7bea4-f9a0-4ef5-8188-2ff48e0a4001","director","John G. Avildsen"
"31cacc14-590e-49f8-a54a-5e4a624b78ce","director","Peter Bogdanovich"
"7c647973-3253-4739-9390-8bbc650e2824","director","Jean-Pierre Melville"
"90e0e530-f3ad-4496-9f54-6ff6b065b850","director","Stuart Rosenberg"
"954ae2f1-d269-4512-8de1-1113d6662034","director","Gillo Pontecorvo"
"ec352cba-25c0-460e-90b0-d85d8e57cd6b","director","Luis Buñuel"
"bd2c6698-56d6-404b-aff2-dc22a409f03d","director","Robert Aldrich"
"bbf23d1c-561b-4994-b30d-b7e7c420aaf9","director","John Ford"
"f961cf52-1b14-47b6-83d8-01763d7a42d4","director","François Truffaut"
"5e0ca363-6a4b-4537-904c-32661ac55e09","director","William Wyler"
"185de294-b2c5-486d-b64e-bb30e937526c","director","Federico Fellini"
"35b972dc-6316-4164-8421-a5ff9dd1a414","director","Elia Kazan"
"1a94a932-aecb-434c-bc42-010fb01796bd","director","Henri-Georges Clouzot"
"89820a71-d82c-45be-8261-a42499c44c4d","director","Raoul Walsh"
"6ec3ce4d-cc9b-455a-9d93-ef53a2e5102c","director","Carol Reed"
"3d686142-3dc7-4794-817d-8d06d5bf4d4c","director","Michael Powell"
"bb9b07a4-08a3-4d97-b75e-74788ae59d7b","director","Victor Fleming"
"50f1d999-c316-4f21-af8a-79df170d7623","director","Jean Renoir"
"8b2f13b4-0dce-44a8-82f6-9bb8b3e70493","director","Carl Theodor Dreyer"
"0606192e-a8a1-4ad8-9a44-6e699ddc3bc1","director","F.W. Murnau"
"c6f8137d-8032-442f-bc35-8e5d90848174","director","Clyde Bruckman"
"feefce3f-1415-44a4-b68e-22c4204282c7","director","Robert Wiene"
"f5c6069b-71a8-4d4c-ad1f-7d3d2b3ebffc","director","Amit Ravindernath Sharma"
"f7650989-2b0c-435f-ba7b-f2213ed2cb13","director","Ericson Core"
"1dc20650-7b62-496c-b1c3-1ad808cd3436","director","Raja Menon"
"d66cd746-a341-4f65-9408-d4ecf65872ce","director","Kabir Khan"
"280eed44-4744-4e32-8d43-3071b471a940","director","Garth Davis"
"8c7c469d-972c-47e4-adb6-235821cbcfc1","director","Byron Howard"
"c7edfeea-e8e0-4810-a171-64547a551606","director","Stephen Chbosky"
"b4ba83ec-d958-4a30-84bd-cc69f8a8abab","director","Destin Daniel Cretton"
"7247404c-1be2-41bb-bd0d-efc8dbf7eac4","director","Gareth Evans"
"1c7e5182-b957-4539-aa4b-f997df6e7c86","director","Morten Tyldum"
"b95b33aa-7a84-4ca8-9f96-2fcaa0956157","director","James Gunn"
"f482572d-a09b-4439-9786-02528291e2fe","director","Spike Jonze"
"112c7171-acac-4e4a-93df-577fffd84add","director","José Padilha"
"4a9b52f1-a90a-4504-850e-7dc0dec3fe84","director","Tom Hooper"
"1032a651-830a-43f6-8287-af650925b79e","director","Tate Taylor"
"0276a12c-213b-4fb5-b51f-f7f4eb179cd2","director","Tim Miller"
"a0a3828b-7edf-4a7d-952f-3a98f579a7e3","director","Wilson Yip"
"699e621a-7d1e-42c3-9d1d-8c5c7ad14c2d","director","Karan Johar"
"ba829412-1429-437d-8e56-15d6485e146b","director","Levent Semerci"
"9f2bf2e8-dd71-417a-b612-4087af222ae3","director","Joss Whedon"
"bcf32265-ccb9-4405-8455-cb982f78d37a","director","Vincent Paronnaud"
"3f2dec37-c871-421d-9553-14bf7b93b6b1","director","Jean-Marc Vallée"
"db023d58-5ddb-4445-9760-5eafb5d29d38","director","Gabriele Muccino"
"b6ad6692-40d7-4b53-9d2b-3e10aa38475d","director","Edward Zwick"
"515428bf-b063-4ee6-b376-f75e73e44585","director","Paul Greengrass"
"4d388852-bf68-453a-a339-9aebd35c658a","director","Ki-duk Kim"
"cf7cc44a-a967-4c14-8a07-ab270edcdb8a","director","Frank Miller"
"0573d419-b23b-4f83-8bb3-10ca9c42eff5","director","Julian Schnabel"
"fd886954-defe-4790-9bb1-e0db7e8fe57a","director","Ömer Faruk Sorak"
"f799c858-7644-4c7f-bd10-043d2df62a96","director","Brad Bird"
"6babcfe9-8d13-4cd7-b79b-f5a4914e292b","director","Martin Campbell"
"907a3980-fe30-4b49-9052-50d5d071129d","director","Andrey Zvyagintsev"
"29cf5232-a7dc-4da4-94a5-a662d95c9fb5","director","Alejandro Amenábar"
"92d44d6f-b07c-471e-8727-64aaf2bd72af","director","Nikkhil Advani"
"981f24c4-0cce-4f29-8fa9-c74869540ea5","director","Andrew Lau"
"cd34b472-7c04-4fe1-8706-8913f29bd597","director","Gore Verbinski"
"5a834621-8950-4912-9c9b-dc505bcea2cf","director","Tim Burton"
"e0549327-9227-4ee4-a624-1ef1cb114c5b","director","Jae-young Kwak"
"43cd4b26-7cd1-4b83-941c-dca37dd5c1f3","director","Lars von Trier"
"427e3164-f689-492e-87de-485205e62426","director","Yilmaz Erdogan"
"9a712658-11de-40ea-8d41-ab97559de1ec","director","Richard Kelly"
"3c665976-c793-4b9f-8964-2a3e59866a0f","director","Satoshi Kon"
"b338ba26-f600-431f-a4e3-b906fa475a5a","director","Walter Salles"
"d66c110a-fa77-473e-8073-7da243284610","director","Thomas Jahn"
"d3a720c6-c734-4e00-bff9-84659e174896","director","Billy Bob Thornton"
"62bc42f2-aae4-4dff-8171-1b932e0ed9cb","director","Mike Leigh"
"baa3ca9f-c480-4196-914f-cf469044b07e","director","Mamoru Oshii"
"1d6465bc-a625-4b4a-8dfd-5c36a188539f","director","Henry Selick"
"2ad92d59-2aeb-4478-a710-ecd9893bedaa","director","Harold Ramis"
"7039ff58-c9c9-4f45-aff3-00a79421252d","director","Taylor Hackford"
"76364b8d-25ed-422c-b27c-31e741268aa6","director","Martin Brest"
"9a9ab934-81ea-49ff-ad61-aca6e00a776c","director","Ron Clements"
"0c7e475f-a39e-4858-a64d-f74e51577624","director","Gary Trousdale"
"9a5f1825-6f64-4ef0-976a-b41975ae29a1","director","Kevin Costner"
"1346eda8-15e1-48c4-a0ad-86d9c876192b","director","Spike Lee"
"b298f7b8-3bfa-4e8d-b7af-53c291966a93","director","Barry Levinson"
"68dc3c4c-943c-4ed0-9090-c34602e12d59","director","Katsuhiro Ôtomo"
"0e2d7952-6ddc-4e54-935c-ee782b8a9a5b","director","Louis Malle"
"92c921e0-3a92-4cd8-94f3-26347d20f0da","director","Richard Attenborough"
"67526989-b5a8-4ba3-bcb8-a8bbf0f8bb12","director","Hal Ashby"
"677444fa-2a1a-4ecb-9189-ca221c1f197d","director","Woody Allen"
"8d336a6e-1799-4af3-81da-e30bec0b3f01","director","Mel Brooks"
"efcdf6d9-e15d-4726-8c69-4bb0b5c39aeb","director","Franklin J. Schaffner"
"e0848b44-5a6a-4232-8862-fefe99d2b907","director","William Friedkin"
"63cc7582-5086-4e4a-bd47-ea74d3e7bdcb","director","Norman Jewison"
"d8e73203-500f-4291-9975-3fbc64c224cb","director","Bernardo Bertolucci"
"01318aaf-ec5d-4522-a229-356fa28aba3e","director","Mike Nichols"
"d55df7c4-0698-4a96-9f2a-da244131e9ff","director","Robert Wise"
"8203039d-44ab-4523-a42a-c11ee924748d","director","Jean-Luc Godard"
"be2462c6-fa14-403f-a458-696f3771823f","director","Robert Rossen"
"a3b2319d-51d4-499d-9194-8e507f518e66","director","Howard Hawks"
"488db6c5-4185-47a9-b24c-84f8245f3205","director","Otto Preminger"
"e76b80ad-afcb-487e-b900-1566fd1815c1","director","Richard Brooks"
"a3b6ac3a-21b4-49b3-acf0-49684dd7425d","director","Alexander Mackendrick"
"3ca83044-2d2a-4f9e-bf7f-99cc54cd9637","director","Charles Laughton"
"38fd671e-a8f9-4fd2-b549-b0c74ddf9610","director","Nicholas Ray"
"442c6da6-2b72-4567-9d2f-437b5934dcd7","director","Robert Hamer"
"63066e05-cb30-4df2-9d60-41e3ada41fcb","director","Jacques Tourneur"
"87e80074-2e11-468d-9640-d99770a3e4c1","director","W.S. Van Dyke"
"a34249a6-7f95-4d87-b5ac-112660a844a1","director","Lewis Milestone"
"76a48f3d-1f4e-46e1-8dbd-2ee5bcd1243a","director","Sergei M. Eisenstein"
"4b822c39-e273-4da5-9e45-cf53d6f1a904","director","Rian Johnson"
"1c4cb6db-ed0b-45ff-8fc3-4280a21d8b51","director","Mukesh Chhabra"
"f99d6a97-d4cb-47c0-92f1-0c7d4a5a1847","director","Hirokazu Koreeda"
"756f3695-5dd0-4237-a13b-6422789e7f44","director","Noah Baumbach"
"bf5c73cd-8c26-4cd0-988e-dd68b6f8a3b5","director","Luca Guadagnino"
"34e298ec-8184-4fb7-b43c-16a5862a2d9a","director","Ken Loach"
"962d2301-64df-4c57-9386-5d5e9fb0882d","director","Taika Waititi"
"ad54cc19-48f9-4dd7-9c7b-7cdd8be7bd3c","director","Matt Ross"
"f92d147a-e71b-40b9-9ba7-bc7f909d6b3e","director","John Carney"
"2728b054-5edf-4541-aa74-6f20d5718992","director","Dan Gilroy"
"a91ebb82-71d7-45e0-9bb5-e245bf8b6809","director","J.J. Abrams"
"35ed9807-77e2-47c5-b236-14936a13a561","director","Michel Hazanavicius"
"bfb72c51-7799-4653-a63c-3c5179fe58df","director","Doug Liman"
"f18eb51a-86a8-4441-b05b-a65299cde35c","director","Michael Haneke"
"9495195d-201a-4ed5-a55c-dc15ca2e636d","director","Jacques Audiard"
"4d2dd7c6-41a5-4641-903e-0fb9593a1906","director","Duncan Jones"
"d6053348-1c10-4963-ae63-53c7f40a3269","director","Tomas Alfredson"
"87e0736a-9820-474c-b73e-90e4cc4299c8","director","Neill Blomkamp"
"76b992c0-583d-4f96-a0f7-083a28dc2acb","director","Imtiaz Ali"
"24d367e7-9750-45e8-a08b-8b693e442374","director","Cristian Mungiu"
"725e5d29-134f-49a5-88d7-b95a0e0422ed","director","Richard Schenkman"
"88b3bc76-40ce-4f0b-8041-5178a0cf7ef8","director","Tarsem Singh"
"3c1801ca-48bf-4b9d-8f77-cb9fa84a394b","director","Ang Lee"
"605c487d-3148-4ccf-b8b5-3202b0faff01","director","Christophe Barratier"
"c6ef656b-b599-4a5d-abd1-fc580ea0e292","director","Jon Favreau"
"ce8918f6-ceb5-4187-aa68-7ac0b5131726","director","Edgar Wright"
"bd5bbbc0-1049-4a56-b131-f567f8179545","director","Fatih Akin"
"11b7ae79-9705-4968-9cb7-e1f3be49bb10","director","Alfonso Cuarón"
"26e313ca-b073-4888-b4d3-d4ac89f45c94","director","Pedro Almodóvar"
"e938772a-ee3d-417b-a6e2-394893ebe789","director","Danis Tanovic"
"b0e9431e-3867-44f4-8267-2710ecf4743d","director","Shin'ichirô Watanabe"
"84146b3d-ed83-43c5-904c-49cf883e7f93","director","Fabián Bielinsky"
"01021c71-8a89-4aef-b963-879b14327d69","director","Cameron Crowe"
"fc88b928-9fe6-4aa5-a860-fde8ed69c7a7","director","Yoshifumi Kondô"
"84354260-2ae0-4a42-84d3-c0175b339582","director","Lee Tamahori"
"b44af4c6-a6fe-434f-8a9e-3137e92a260f","director","Tony Scott"
"8b23ea06-b7fc-499f-b83d-169602b2ab42","director","Yoshiaki Kawajiri"
"de00ddea-c23e-48f4-832a-aa74ca6c91db","director","Bob Clark"
"0b870505-90c5-4f77-836e-24fd79b68984","director","John Landis"
"bc87a2ad-14ce-41a1-bf4e-7264dfa9e5cb","director","Bob Fosse"
"80006d8d-818a-40c7-bb72-70a578bbb1de","director","George A. Romero"
"a3a3a513-45e5-4941-b8f4-1af99514e631","director","Alan J. Pakula"
"19990935-fff8-4aa1-9982-f5e8c672814e","director","Alejandro Jodorowsky"
"f3baa22c-f55a-4a2f-b08a-e4a72bccca23","director","Sam Peckinpah"
"63d60700-4f81-414a-bba7-2c56e9001aaf","director","Anthony Harvey"
"b4857aed-fd29-41d5-af9f-1b6cabc7e4c6","director","John Frankenheimer"
"3fed1f12-14b1-4c50-a5d2-6384f88ef7f4","director","Michelangelo Antonioni"
"32f35937-4368-4165-99e8-06f210bc8dee","director","Alain Resnais"
"a3cb296c-8a0d-44cf-ae4d-b27d0d015ce0","director","Cecil B. DeMille"
"b4da66f0-4010-4ab6-8da0-e56388f17058","director","Fred Zinnemann"
"014d3956-d61d-474e-ad44-666cf7efb2e4","director","Henry Koster"
"7860ae43-e5bc-4dd8-b3ed-ed965a4e4dfe","director","George Seaton"
"61bf2398-7503-4bb7-b8d2-f9b0dd0a54da","director","George Cukor"
"0389049c-c8bd-4119-8dfa-4b44851c286e","director","Sam Wood"
"98a22646-96a3-4cda-8cc5-b1983219acbc","director","Merian C. Cooper"
"a6649658-23f4-4a65-81e9-c13f1c903449","director","Tod Browning"
"9e0174e9-4dac-4b03-bcd9-5dd64dcb9f76","director","Darius Marder"
"214f030c-84b2-4f60-97a6-86f2eb5777b6","director","Paolo Genovese"
"d5ecc907-ff9b-4a30-8d50-aacde4bf58f7","director","Theodore Melfi"
"022f321d-aa04-4684-9221-a201c91d9e32","director","Paul King"
"da96918f-9e37-4681-bfb8-f3474d5709ec","director","Abhishek Chaubey"
"84f9ea9c-66a1-4da3-a9f6-b31611f5ab9d","director","Travis Knight"
"ff9d3e39-f74f-4dd1-af0a-f07d07a2a1dd","director","Kenneth Lonergan"
"9617be99-4211-4f5f-8446-410c61b149b0","director","Martin Zandvliet"
"a1dd7154-a509-4543-9739-b6a621486c90","director","Gareth Edwards"
"4ed2c87c-49f3-4563-9b07-42d9a37cd97d","director","Greta Gerwig"
"0ddd82c0-97f0-4145-881d-b14a46981671","director","Dorota Kobiela"
"dc39f3a4-3f10-42ed-b3f4-a022761630cc","director","Matthew Warchus"
"9a07a93e-b430-4252-a462-2e8d33dd91ad","director","Paolo Sorrentino"
"14d876ba-7fa5-4a5c-b697-c5fb764f041b","director","Ritesh Batra"
"41cf9c02-33dc-41ef-b8f8-0ad381eff26e","director","Shoojit Sircar"
"cd0bb3d0-0c9a-4642-9196-85526cf1baec","director","Don Hall"
"665ccf49-fc27-4c15-a511-91009c53afb1","director","Richard Curtis"
"b24710cc-239f-4192-91b3-712a74ca516c","director","Gauri Shinde"
"4db9c00b-7914-4d9a-9d59-fad430dd06cc","director","Josh Cooley"
"834e563d-e0c4-45e5-8aef-5e845c9cfa14","director","Adam McKay"
"441cffba-721d-4487-8ccf-00f6334d1a02","director","Tetsuya Nakashima"
"9e86a1c5-76ac-4308-a1f6-eaede105b979","director","Jee-woon Kim"
"76863444-f1b9-4abf-97c9-78ee637c3710","director","Jeong-beom Lee"
"412d4365-c2b4-4f6c-aefa-ec2c01cd8548","director","F. Gary Gray"
"60e127e4-2c42-4d41-b598-c59a9ea3cc48","director","Hong-jin Na"
"e8d37715-ed39-4592-8e5e-7bd75d6e5351","director","Niels Arden Oplev"
"1ff2ac10-a402-4923-8dfc-16205e5a0c39","director","Aaron Sorkin"
"37858874-9292-41ef-8f8f-22fca77daa74","director","David O. Russell"
"1ebd7a56-5bd8-4098-9290-a1a95a9d3fda","director","Pierre Morel"
"1fb2bf3c-bec1-450a-a00d-396248a35a9d","director","Mark Herman"
"7f6e3e2c-986d-4973-9b71-43d232820b5e","director","Joe Wright"
"3af7b4ed-019b-4402-9881-b4fecdfec44e","director","Nicolas Winding Refn"
"8d2e2185-7605-4e25-bcb3-2cc6d866e9f6","director","Jaco Van Dormael"
"d6f1548c-01b5-47ad-81e5-7c1116fa7b9e","director","Jonathan Dayton"
"295b8509-b771-4217-b579-572904399db9","director","Yash Chopra"
"3313f1dd-8d06-4c0c-ae29-15b9e70bd704","director","Anders Thomas Jensen"
"129d2106-875c-44d5-bb6e-9c77df44aa88","director","Roger Donaldson"
"197fa5da-6984-4846-bef9-2f56c798b675","director","Mikael Håfström"
"bcdf47b1-d32c-43a4-a6cc-ec5bc0306e9e","director","Nick Cassavetes"
"68853fb6-186d-481a-a61c-5003c7a5e6d1","director","Lukas Moodysson"
"1edb8a6f-dda0-4cb2-8d0e-2af1112fd40f","director","Sylvain Chomet"
"40705139-cc46-48e5-8e3f-dc3014437ea4","director","Kevin Reynolds"
"0894ed2f-3075-40ca-87a6-a4c8b14aaf85","director","Boaz Yakin"
"848e4182-5b78-4734-b7cb-9056de126d8a","director","Troy Duffy"
"bce759a3-c68e-4d0c-9c27-e2e3ab292253","director","Joe Johnston"
"81fc00cc-9d9f-41a6-9f85-18ca94fcae07","director","Andrew Adamson"
"2f847efd-04d6-4375-b591-0994b07d6a3c","director","Takeshi Kitano"
"29652595-5b38-4a06-8eed-2b2ad925dc96","director","Andrew Niccol"
"13583e59-f177-4c81-a9a4-fbc56df9c3a4","director","George P. Cosmatos"
"4847e389-26a0-428c-8eec-1f19178f64ae","director","David Mickey Evans"
"941753ef-66d2-4731-95f4-1b238201f6ce","director","James Ivory"
"5fa2f49f-05b9-477e-88a3-48bac9c2f034","director","Andrew Davis"
"00aeb693-4f30-4431-94d7-bd7a1e3d542f","director","Robert De Niro"
"ce2305e0-e317-4c86-8718-3f008b9fcdd4","director","Kevin Altieri"
"8fb93f40-dfec-4700-9ffa-4bbc306b057c","director","John Woo"
"5c7a8653-885a-411e-a514-fd414741a551","director","Jim Jarmusch"
"7e7029ff-dff5-4bb7-98fe-14dea14217bb","director","John Singleton"
"55099e40-59ca-4239-93c9-fa36e139d24c","director","Penny Marshall"
"164b210b-1848-43fc-a791-5fa6aec1049b","director","Sam Raimi"
"9d47d303-24d3-4b02-ac27-83ec819e351a","director","John Hughes"
"67934b47-a56f-41d7-85ba-97c442a11406","director","Richard Donner"
"8463ec62-4f0b-4ce3-b54b-5e4142b3fe7b","director","Roland Joffé"
"3b6de4ef-4350-4359-bfed-385fb04a9d26","director","Ivan Reitman"
"a96611a5-9224-44fb-902d-ef52053d7492","director","Philip Kaufman"
"16815048-4d48-4acd-8df6-cbd16d526eb7","director","Robert Benton"
"ce62861f-ecc5-4fc9-adab-59cb6d1a977c","director","Terrence Malick"
"be131155-a1f0-4990-b78b-a12a7db0d9f4","director","René Laloux"
"044dbbac-9dfa-4108-ae5a-2cb7b5bde188","director","Mel Stuart"
"4995eb8b-86ed-4683-a0ee-e2202c876b43","director","John Schlesinger"
"5a334ba4-b1d6-48fe-9867-657c26a9a869","director","Terence Young"
"a4b70675-92f8-4e22-a844-d2ce19f9959e","director","Arthur Penn"
"e2d85c19-225c-4318-992c-a9170ad9245a","director","Robert Stevenson"
"b497a4e0-48fb-4e28-bd16-9b08b91f16eb","director","Ken Annakin"
"1fad22f8-e032-445e-8250-254bb8200084","director","Jack Clayton"
"4537e5fc-a0e2-4e09-b992-2cd409ecef85","director","James Whale"
"8abe37b1-827b-460a-acf5-258123ea149a","director","Leo McCarey"
"eec3a06a-8be3-4815-bf43-07e271b61c78","director","Francis Lee"
"7cd5456a-9cc4-4ef4-a309-6ac5bc325468","director","David Leitch"
"cafbeddf-ac2f-445c-8eef-3a8c430b58f6","director","Taylor Sheridan"
"31f46d61-a829-4605-a5e5-e69aecdff09c","director","Jordan Peele"
"3367d706-84d0-4126-b877-803a0d1c66e3","director","Christopher McQuarrie"
"134d6c5f-3f38-4e09-ae6d-a18f680e73f3","director","Hannes Holm"
"651c8098-5aa2-48ff-8fe5-c8b470ce99b7","director","Jemaine Clement"
"162e7677-a292-4bf4-9e83-e046d50d87b9","director","James Simone"
"5c22b67d-0d32-4b41-a2de-b0f5434be66d","director","James Marsh"
"08a6f32d-7a74-4607-9e0a-df80553a86cb","director","Matthew Vaughn"
"c2e3bf3e-a146-43fb-be1b-e16e7c67b314","director","Josh Boone"
"d68b13be-48c0-4f7c-8c73-d9c54a8a2c79","director","Alfonso Gomez-Rejon"
"9b17872a-f894-43d8-9d34-3043fa74cf56","director","Abdellatif Kechiche"
"bb1a4e37-ad6d-49ae-ad71-9c9f3a403ae6","director","Abhishek Kapoor"
"9660380c-9334-4cdd-b1ab-2ab01fdc4680","director","Felix van Groeningen"
"19be3224-a523-418f-aca5-bc6dbac76d77","director","Alexander Payne"
"425030ff-3a8d-4686-83a5-68854d1e50ce","director","Rich Moore"
"273ed6d9-7cce-4b9e-a439-aaddb3b576b8","director","Mark Osborne"
"59fe51b2-7c2a-4fcc-a198-f37000e64d64","director","Christopher Miller"
"fe85702a-9728-46f4-aeca-45856223d252","director","Cary Joji Fukunaga"
"1e095b0a-6c73-4af5-b56d-dcd37a3b5569","director","Ben Affleck"
"65925f29-0bc0-4628-9f49-c49e03296a85","director","Marc Webb"
"506f28b8-3c14-4e68-bd2d-c2e4c8647555","director","Shûsuke Kaneko"
"cb4d2985-8b78-46c8-858e-c4172f29772a","director","Shane Meadows"
"d3f70c74-9afd-46a3-be78-fac03b4b436e","director","Alex Garland"
"52b28ff5-ebce-4ee2-907e-2214f7c879ff","director","Susanne Bier"
"efdac705-3c7e-4e68-8b52-be486773ccbc","director","Kevin Macdonald"
"552d1b5f-636e-4115-b6ae-a702d5fa8be7","director","Paul McGuigan"
"6665f22e-e1a9-4c8e-b6b7-6e969ea06807","director","Christian Carion"
"8f4eab36-1ae5-4b5b-8f18-97c958eb2d31","director","Anton Corbijn"
"44b6af72-953e-48c9-a157-1ddf4e000e2a","director","Nathan Greno"
"400f2941-4792-41e6-bd21-835c24385324","director","Paul Verhoeven"
"0a3d22f9-512b-4bf5-acc0-6c2172627a09","director","Paul Haggis"
"692cbd24-dc2e-4ab4-a8c0-b2ddffd72c18","director","Stephen Chow"
"440b6189-0ae2-4643-a6b1-ac1e152603a4","director","Brad Anderson"
"d0b5ca3e-a8cf-48c4-a23b-143997596a65","director","Sofia Coppola"
"a93ef9c3-8acf-4b77-8916-d4eb7ab098b7","director","Mike Newell"
"0327ea11-8373-4bfa-9a72-22dfc9c158f9","director","Peter Mullan"
"363787cf-f4ab-4c5c-8ee6-7b5e2a643c89","director","Wolfgang Becker"
"2cb13480-148d-4a20-9133-c549f952e595","director","Jessie Nelson"
"29a66524-4d15-433a-8201-1dad030cb984","director","Stephen Daldry"
"3d83fcc6-a1a1-4bc1-b94b-5a96703952a9","director","John Cameron Mitchell"
"bdc72730-aa8a-4a94-be0c-b96e6d3aee2e","director","Steven Soderbergh"
"d3330c82-80cf-4542-9805-84e8ebebe2f3","director","Bob Gale"
"162a42e3-aa42-49ba-bac7-aa7f5064ba84","director","Trey Parker"
"2863053e-7687-44b4-9501-d659d0993dea","director","Mike Judge"
"d2be521f-b559-4e97-9002-8d5721dc37d2","director","Todd Solondz"
"7420cbd3-a559-4c6c-bf8a-6afd16fe15f1","director","Antoine Fuqua"
"d8d717e1-1c13-43ab-b99e-1a561b4b662d","director","James L. Brooks"
"c98108d5-1c18-47db-9d64-bfee2712a97a","director","Francis Veber"
"03170dab-2c7c-4ad8-89b3-dfcadde1533d","director","Scott Hicks"
"3508b340-bf61-42cf-badc-f59b4279339a","director","Gregory Hoblit"
"3fd83b3d-b780-4bd2-9af0-f0a5ad491ba1","director","Kenneth Branagh"
"0d096924-e16b-40c3-9d8f-86f3670e2bb8","director","Michael Radford"
"a62940ef-09d4-4544-921f-86ef9e794e2f","director","Kevin Smith"
"f0692214-dfd8-4791-a619-6f11e9f379fb","director","Robert Altman"
"d609653e-1a7a-44ef-a04d-83a03839332e","director","Brian Henson"
"a59a4e25-767d-42d0-b70c-7ee8774794ac","director","James Foley"
"e8ebe713-349f-4f77-a9b6-f9d203a965b4","director","Jon Avnet"
"72a0c9a1-523e-42a6-bced-640eaa419631","director","George Sluizer"
"46dd2bfa-bd4e-4d1b-aa6e-c71efd4985fb","director","Bruce Robinson"
"d869f52e-569d-4c56-9246-263d26429913","director","Jean-Jacques Annaud"
"061bd842-d3fc-4b57-b612-67ea9eff7dd1","director","Nicholas Meyer"
"f7a5f9dd-2daa-4f99-b95f-11ce0e993b06","director","Ted Kotcheff"
"96d8a2d1-6ddc-4e97-96d3-29e5ea8d1e1f","director","Robert Redford"
"5345ea44-0c69-4e58-90a7-78e15fbad6df","director","Jim Abrahams"
"03a3fe11-305b-49d6-99c1-142683a6284f","director","Joseph Sargent"
"7ca6a0bf-c1fe-4bbe-81ce-2d64d0a6ecf8","director","Robert Clouse"
"7834a1de-ab0e-4ac7-92c2-57da49cf7190","director","John Boorman"
"a1cbb181-de71-4196-8f3b-357bdcbc56a4","director","Don Siegel"
"1728d9a2-4a9a-47ad-b4b7-4f3fc736f1c7","director","Brian G. Hutton"
"e4712c0d-8348-4ff1-b78d-6b1204c55cee","director","Gene Saks"
"4d4632ea-6f6b-4b21-bb4a-2610cf997a7d","director","Cy Endfield"
"6a6a0fd2-3ec9-48da-9f12-fde26c524f51","director","Guy Hamilton"
"b8e89873-b1e8-42c0-afbf-acb0ec4b8e48","director","J. Lee Thompson"
"71e92d18-569c-4844-8c67-288f1202d4fb","director","Georges Franju"
"e4e575c3-f10c-4e1f-8f37-7fa6e68bdffd","director","Charles Vidor"
"44c06672-c413-4dcf-bde2-f561edb8d79e","director","James Algar"
"2390b5d8-bae2-41f0-902a-f870df0f4ed0","director","Todd Haynes"
"2ec68679-aba3-4c64-9126-98ee445741c8","director","Aneesh Chaganty"
"5e05466f-fa14-409b-89b8-7db0f443c137","director","Sean Baker"
"6f4249c3-6b57-4dea-a8fe-dde9da7d0980","director","Tyler Nilson"
"01ff17ee-a799-4b2d-b611-c5e17c876752","director","Sebastian Schipper"
"38e391b7-dc16-403a-aa74-10fa8e5b8baa","director","Deniz Gamze Ergüven"
"f8162bb8-e598-4b60-bb1b-58a5a69d9988","director","Joseph Kosinski"
"6479627b-cd4c-4eb0-9413-830044af9eac","director","Ryan Coogler"
"135b4717-d331-49a8-9025-5f9f81a581c2","director","David Mackenzie"
"18a73df0-dd1c-4798-a898-6a88c718d1c9","director","Stephen Frears"
"62dbd01d-d753-44cb-9e1d-8a99dc9012f2","director","Matt Reeves"
"15c1f543-bfc3-4deb-86ba-f228c4c960f6","director","David Ayer"
"1193a920-4e25-4e35-8eb2-40a37e77ee72","director","Hiromasa Yonebayashi"
"706d655c-bff1-4310-af0a-3ce76869ef34","director","Bradley Cooper"
"86cd809e-62a5-42d0-95a4-b609307d3ef4","director","Pierre Coffin"
"138a14e2-cbc3-4068-bda8-8cf4a0baffb4","director","Jonathan Levine"
"bfdbe9d2-7a8e-48bd-852f-e7699a560b5d","director","Daniel Monzón"
"e17ff959-304c-4f9e-8b80-c76b9791cd82","director","Bennett Miller"
"e3c2d8bd-07cb-4f18-85a5-6c163e5a7421","director","Ruben Fleischer"
"254d95ab-cebd-48ba-9eb9-848ff583e208","director","Dennis Gansel"
"07370562-256f-4f98-b2f3-e8911875ef4e","director","John Lee Hancock"
"6309e936-1cfb-4c7c-9c4a-8d34e1480b17","director","David Cronenberg"
"48029c46-c629-4115-a02b-842421f396fd","director","Olivier Dahan"
"d73d9bd6-2cff-4374-bb7c-b8ffd3f880dc","director","Ronny Yu"
"c1d2377c-27b0-4f5f-8b42-3f1ad5c05e63","director","Neil Burger"
"5c8304a0-b383-41f0-a6ce-792df49f7e57","director","Zack Snyder"
"2adfa7e9-0e5a-41b9-8a21-8ebebd371f9f","director","James Wan"
"0491b2b8-dc39-41eb-9a81-f0513fddd4dc","director","Charlie Kaufman"
"e7612bcd-8961-42fc-8dca-841bbff3d098","director","Gregg Araki"
"8731c253-da81-4c06-9b73-491b21a3771b","director","Yann Samuell"
"c71d13f0-c2d3-439a-9684-9e4f6ecfe58b","director","Marc Forster"
"a7caa4e8-3190-4712-acce-8728096eecca","director","Eric Bress"
"74a67938-68f3-4420-8223-2abd813c8435","director","Kinji Fukasaku"
"489f104a-8a65-4939-b059-a6a3aae00abd","director","Chris Columbus"
"5e1cc495-64b4-42c6-b393-49304993de49","director","Ted Demme"
"3c9506dd-7ca0-4cf4-a69a-c37dac1cab98","director","Mary Harron"
"456206c4-c282-4fb8-a1db-aaa7b37872e2","director","Tom Tykwer"
"cf47dfa5-7ae7-4ebf-9b6e-8d2651baf5fc","director","Tony Bancroft"
"67842ee6-04b4-45a6-b5ce-fd69967ad1ed","director","Alex Proyas"
"1a32184d-86ee-4dc2-85a2-ddf38fec3b37","director","Joel Schumacher"
"ce740d92-52ec-4786-bba0-cc2caa82c786","director","Jonathan Lynn"
"f54a4621-1f61-485a-9365-c351e5699cf6","director","Marc Caro"
"ce7ad899-407e-4a69-8e71-95b39561666b","director","David Zucker"
"22f03320-30c4-4842-a9d9-aa384598dc95","director","Mark Rydell"
"c01c76a0-59da-487d-b5ae-d120176df485","director","Walter Hill"
"6d875241-93e6-4f32-ad8c-d2ba126ab0db","director","James Frawley"
"a529f7ab-6585-4ff4-a5fd-ea2105d15925","director","Martin Rosen"
"61a30aad-95f6-42df-9484-441256b11bf4","director","Wolfgang Reitherman"
"77604ff4-6d2b-4b54-b3ba-5d06a0e92b6f","director","Richard Lester"
"e8bde53b-f5ec-420e-8d2f-7278942a577e","director","Blake Edwards"
"5f850e43-ff7a-4ed1-90f7-5356811a28da","director","George Stevens"
