"~id","~label","name:String","year:String"
"0e412ecc-5fba-47cf-a870-c1a548b01e24","movie","The Shawshank Redemption","1994"
"6b87f694-588d-472c-86c3-8370663abcb4","movie","The Godfather","1972"
"4fc517aa-ab66-4e66-a40c-e100d3151632","movie","The Dark Knight","2008"
"0edc40c7-fbec-41c2-b940-3e587443e81d","movie","The Godfather: Part II","1974"
"e1338933-7826-4bda-a733-3759133b81c8","movie","12 Angry Men","1957"
"30d3a81e-9a14-40c8-ad03-7d4987138c83","movie","The Lord of the Rings: The Return of the King","2003"
"82df1e39-e5a6-417a-afc5-f9c2cf4436e7","movie","Pulp Fiction","1994"
"342c0add-84b8-4645-aeff-5c7c4f979bae","movie","Schindler's List","1993"
"19f803b2-32b5-4728-a44a-b0749081248f","movie","Inception","2010"
"a2528213-fc6d-414a-b345-31c25b0de83b","movie","Fight Club","1999"
"b9aff221-ca99-4222-9f9c-6db41c7f4d48","movie","The Lord of the Rings: The Fellowship of the Ring","2001"
"df26cf9c-cbca-46f0-a8a1-4678fa9f7970","movie","Forrest Gump","1994"
"ef7dabff-94c7-46d8-99fa-89082675e8fa","movie","Il buono, il brutto, il cattivo","1966"
"d0ae7d31-6260-4cd0-b87e-ed0858ed6ac9","movie","The Lord of the Rings: The Two Towers","2002"
"c643084e-3ef7-4935-8fe8-96a9fa921c63","movie","The Matrix","1999"
"77d185df-bf14-4a7e-856d-37ad30ec7c12","movie","Goodfellas","1990"
"94ff4b16-7589-4ae4-911b-1942318d5bb7","movie","Star Wars: Episode V - The Empire Strikes Back","1980"
"6a8f9e6c-88a4-4196-b002-fba45fc01cc7","movie","One Flew Over the Cuckoo's Nest","1975"
"81cf7690-4f58-476a-a3bc-18c735147ceb","movie","Hamilton","2020"
"653407cb-3dd7-425c-95ba-1fed20a59140","movie","Gisaengchung","2019"
"e5db2e8e-b3ec-4696-a162-2da34e3b2f24","movie","Soorarai Pottru","2020"
"7e26f258-9ca4-46c9-ae75-f6695e05f8e1","movie","Interstellar","2014"
"a7c6558a-7a4f-4586-9068-a452a9b6f363","movie","Cidade de Deus","2002"
"5ae73842-ae40-4429-8a2e-a5a18f0ecf35","movie","Sen to Chihiro no kamikakushi","2001"
"0fd1ae0d-c6ec-487d-b6fa-c8cdc12651ef","movie","Saving Private Ryan","1998"
"c854b728-0899-443e-9fa8-a74050de874f","movie","The Green Mile","1999"
"db96da6d-70d4-42d2-8093-7b85987cc388","movie","La vita è bella","1997"
"aa76167d-049f-49a8-8e0d-07a0fbf463c6","movie","Se7en","1995"
"e9a92cc5-1a1b-4921-9aa6-da87d99784ac","movie","The Silence of the Lambs","1991"
"f8090155-6201-4e58-8289-308c9b835161","movie","Star Wars","1977"
"8d27142d-6248-465a-bd64-6289509848ce","movie","Seppuku","1962"
"e648c353-385b-45e1-894e-81769067ac33","movie","Shichinin no samurai","1954"
"ff2d22ee-3c06-4a04-acd6-3b9ce59eefaa","movie","It's a Wonderful Life","1946"
"3b1e7840-3f8b-49c2-9f2b-abea47b70f46","movie","Joker","2019"
"bb9126b2-8e7c-4483-b3be-2266b74b8fb0","movie","Whiplash","2014"
"f0f2c60a-a126-41a4-b5d8-b2be2fa4c425","movie","The Intouchables","2011"
"ab53da0c-953c-4132-b443-2d27494b5dec","movie","The Prestige","2006"
"a7ccfff3-b9b1-466f-93ca-f5ff2eaa60c8","movie","The Departed","2006"
"dce7b411-824e-4ed8-88f6-c5cadb17d1d9","movie","The Pianist","2002"
"f3d6cfc7-530f-40ad-b166-10bd312b5281","movie","Gladiator","2000"
"881c7ab9-15df-47f5-afed-6bfe980e57ce","movie","American History X","1998"
"f8eeade3-888c-4b51-9238-20efda8fe35d","movie","The Usual Suspects","1995"
"320f0ee3-12cc-4f1f-8f93-ca1a543d05d3","movie","Léon","1994"
"1dca2840-569c-44b2-be5a-74545fdf3b02","movie","The Lion King","1994"
"119ab24e-e36a-427c-9c2e-5ddd220bbcc9","movie","Terminator 2: Judgment Day","1991"
"d17d655e-c596-4db2-86fd-c5ab42482903","movie","Nuovo Cinema Paradiso","1988"
"b4778531-1685-41e4-ae39-aa0f7cd4d6f1","movie","Hotaru no haka","1988"
"83039b02-4ade-478c-aca1-7eaf765c9d11","movie","Back to the Future","1985"
"97698120-beea-4b37-b77b-651b0ebf59ac","movie","Once Upon a Time in the West","1968"
"6e388674-3e4f-46af-9bb7-9c2031a0582f","movie","Psycho","1960"
"c562bac0-7098-441f-b172-288d99576fbd","movie","Casablanca","1942"
"b2520016-7a38-4fac-8eac-a351dcd8a67b","movie","Modern Times","1936"
"054f0ac2-163c-4229-9244-6fe745795d07","movie","City Lights","1931"
"7d384749-93a0-4268-a53f-bb02dd3a032a","movie","Capharnaüm","2018"
"7a4daa8b-42f4-46f6-ba9d-33c003c7b576","movie","Ayla: The Daughter of War","2017"
"4e7f3db0-0dc3-4288-a545-4a1746b234ec","movie","Vikram Vedha","2017"
"c319d001-02b8-43eb-b5e0-e53d4f464392","movie","Kimi no na wa.","2016"
"f56f4f01-02da-4278-ad7b-28967bded23a","movie","Dangal","2016"
"7eddcd8a-df34-48c9-aeb7-7acc71453def","movie","Spider-Man: Into the Spider-Verse","2018"
"fdeb1e64-db01-4a38-9946-1fc4ad988487","movie","Avengers: Endgame","2019"
"80671b7f-0934-46bf-be71-3b2d90cd48bb","movie","Avengers: Infinity War","2018"
"e396d812-d54e-4e76-a915-17aa431864ce","movie","Coco","2017"
"4f02d2bd-060c-4597-8d3d-542f5ff95bcd","movie","Django Unchained","2012"
"2d7d6af2-b783-4ec6-bd10-a57a005a1c29","movie","The Dark Knight Rises","2012"
"ad34a865-5cac-405d-976b-c0acffef75be","movie","3 Idiots","2009"
"961f2cb4-f38e-415e-b2ad-9b5bd17dc334","movie","Taare Zameen Par","2007"
"001bda01-5538-4783-9dfe-7a754dcb5a4d","movie","WALL·E","2008"
"7b790729-39ac-41f1-8986-fd3ad86404ac","movie","The Lives of Others","2006"
"126a6303-36ec-4f4f-accc-4641cddc78fe","movie","Oldeuboi","2003"
"2cea663d-f802-4aca-afd5-556204a21da8","movie","Memento","2000"
"29969a96-225a-42be-8e18-422a3469d5e5","movie","Mononoke-hime","1997"
"47643f24-4a29-48ab-a784-317d8c856146","movie","Once Upon a Time in America","1984"
"f0a151fb-84fb-4126-9b3e-371dc1d56e9a","movie","Raiders of the Lost Ark","1981"
"bfca333a-cee6-4580-856e-77aa355e5b70","movie","The Shining","1980"
"6f9bd591-b64f-4851-88a7-5b165ad8277c","movie","Apocalypse Now","1979"
"4afcfaf0-9766-4d2c-8812-0e4b96bffe2e","movie","Alien","1979"
"e89f688a-f676-4582-b3da-20920bb2f5ff","movie","Anand","1971"
"2f3c7f48-f7a6-4c38-a2e7-98e7b84d37fb","movie","Tengoku to jigoku","1963"
"8c90b107-dc5d-4fcf-9375-85730d0591fc","movie","Dr. Strangelove or: How I Learned to Stop Worrying and Love the Bomb","1964"
"5f742f7c-6c1d-4db3-9132-6e83013dae80","movie","Witness for the Prosecution","1957"
"8e35a3ce-1ce3-4e4a-b551-4bc29a443ffe","movie","Paths of Glory","1957"
"26a8d78f-e433-46c2-9714-042b8cfa8cbc","movie","Rear Window","1954"
"750e542a-6ab0-4610-ba4d-aa2f60005d33","movie","Sunset Blvd.","1950"
"d073acc7-e610-4c54-a14a-111656ce0cb8","movie","The Great Dictator","1940"
"d5848245-8c1b-4550-b16d-0e867a31b112","movie","1917","2019"
"8b5332e3-788a-4560-b484-120991c1080d","movie","Tumbbad","2018"
"c497aa2a-40d7-417d-9091-d5a719e66957","movie","Andhadhun","2018"
"25434a03-7570-416f-b081-77be5f61bbda","movie","Drishyam","2013"
"63f26e88-d29a-48bb-b9e6-9f22e75d05ed","movie","Jagten","2012"
"b39df74c-11a7-4acf-8499-f85a4e84f8da","movie","Jodaeiye Nader az Simin","2011"
"a0280d91-a6db-4ae6-b005-f0d78071cfe7","movie","Incendies","2010"
"b49c9061-7e2e-4f90-8665-860ad3799578","movie","Miracle in cell NO.7","2019"
"a467dc35-86a8-4373-936c-472559ea9f54","movie","Babam ve Oglum","2005"
"2741ded9-4fa7-41c6-b1ec-e3155b3dcd89","movie","Inglourious Basterds","2009"
"b6ed70b1-9091-4999-ba36-98ad5331c6c4","movie","Eternal Sunshine of the Spotless Mind","2004"
"42010dcf-e475-4a5b-8a4c-3045745b3921","movie","Amélie","2001"
"b7ff75b1-9333-4625-acfc-ef4242c50dd8","movie","Snatch","2000"
"cddd58e1-53dc-49a9-9479-4ee0ddb78655","movie","Requiem for a Dream","2000"
"7b59bc41-9ccd-43f1-9753-35c91ac003d1","movie","American Beauty","1999"
"baa1a6a4-b5a6-4431-82d8-2fc039a0d1e3","movie","Good Will Hunting","1997"
"f6441884-43c8-4898-8ecc-ceb812b8e31b","movie","Bacheha-Ye aseman","1997"
"245b73bf-b78f-4545-a45f-1d52dca3622a","movie","Toy Story","1995"
"67afe24a-c2aa-4c5f-8c4c-327a3b419851","movie","Braveheart","1995"
"d642eedc-0d46-4b5f-9921-f38276e5cf8d","movie","Reservoir Dogs","1992"
"8550c13a-3950-48d3-a768-3434168e096d","movie","Full Metal Jacket","1987"
"a13882a6-5621-4363-9e76-ecb9d0b10c97","movie","Idi i smotri","1985"
"1984e7a4-0f6b-483b-96e0-40a30232734d","movie","Aliens","1986"
"75cecc1a-6366-4d48-a549-569dc6b263ba","movie","Amadeus","1984"
"6afa39b6-d952-43c7-999e-a1936c8b0390","movie","Scarface","1983"
"132d1273-6f20-4391-bb9a-9be9322390ff","movie","Star Wars: Episode VI - Return of the Jedi","1983"
"743c7d5e-49b8-465f-a1c3-28c42dc73cd7","movie","Das Boot","1981"
"ed14c007-edcc-44b3-a27f-8c01fe23a327","movie","Taxi Driver","1976"
"75f4c589-9db9-4146-bde2-b0a78c129736","movie","The Sting","1973"
"f2055ae1-b90e-4b9a-88bd-e89f47db9132","movie","A Clockwork Orange","1971"
"0c6e04ed-b9f2-4196-922b-dd1e52a640a5","movie","2001: A Space Odyssey","1968"
"a95935b0-b874-47f1-aed6-218e66de57ac","movie","Per qualche dollaro in più","1965"
"46c3da16-b712-46c0-9369-7704d2c630eb","movie","Lawrence of Arabia","1962"
"bfd5a668-0888-4fbc-bc55-f7d61e94c9ab","movie","The Apartment","1960"
"dfd8f3ef-3296-443e-80a8-cb1e4ac83e1e","movie","North by Northwest","1959"
"c5ce2e39-e3a5-4c70-be46-64a382174c10","movie","Vertigo","1958"
"3af43b2d-d58a-40f5-9eca-31657fcc6c4a","movie","Singin' in the Rain","1952"
"66c0480d-4136-461c-9b39-50da67fc1778","movie","Ikiru","1952"
"5327654d-a39b-4daf-8f42-275138b1bfd9","movie","Ladri di biciclette","1948"
"ade70b43-3750-440d-8d89-4f4009ee0207","movie","Double Indemnity","1944"
"2ffe0eb1-fb97-4a45-8efe-c353f82ac423","movie","Citizen Kane","1941"
"3f8a9003-d56a-41f6-9489-fba0082cb545","movie","M - Eine Stadt sucht einen Mörder","1931"
"bde4a9f4-17a8-43f6-a6d9-6acb78bbe913","movie","Metropolis","1927"
"2ff03a81-d12f-4038-b5bd-c56d89b84aef","movie","The Kid","1921"
"c3a86bbe-f553-4362-9d51-6bc6a5e96764","movie","Chhichhore","2019"
"6e39ca2b-f9c2-4944-9412-2d1a1dd53178","movie","Uri: The Surgical Strike","2018"
"84e65994-1125-4e82-84cb-bed83c57e03f","movie","K.G.F: Chapter 1","2018"
"98ce2b72-c130-48d9-9f3f-46c68836fb10","movie","Green Book","2018"
"029c7bcd-6b05-4f0c-ae24-cecb96c2b660","movie","Three Billboards Outside Ebbing, Missouri","2017"
"f89d337c-bf39-48c0-aa57-e2927ca9ded4","movie","Talvar","2015"
"80cc9c02-6db7-4094-b113-1a16a3772d89","movie","Baahubali 2: The Conclusion","2017"
"0b9c8585-bd9a-4841-abc6-ef8be54eb96b","movie","Klaus","2019"
"50e39bec-38f2-4c54-b051-ace89d54fc40","movie","Drishyam","2015"
"158d865e-c321-4df1-a61c-6d09026a5ab4","movie","Queen","2013"
"6e804f45-fa13-4a42-a350-3e08434aa83e","movie","Mandariinid","2013"
"50d58cbc-846c-4cc1-9638-c631e10a7455","movie","Bhaag Milkha Bhaag","2013"
"7c1f3303-1cab-4672-b740-e98ac5ad8a48","movie","Gangs of Wasseypur","2012"
"c3798dbc-bc41-4e92-877f-fa50c3fd579a","movie","Udaan","2010"
"66b5fa5f-0236-4740-a888-6d13fabd0c43","movie","Paan Singh Tomar","2012"
"fab311c2-8ce9-4d01-81e9-a705e4a37d84","movie","El secreto de sus ojos","2009"
"18af962a-1294-45f3-bea6-23183adc2429","movie","Warrior","2011"
"02f59151-ebfa-4fe8-aa8b-9c25455f631b","movie","Shutter Island","2010"
"02e7ed24-f8a0-4007-8df4-e8cafc2060a6","movie","Up","2009"
"0e0946e4-7649-40c8-b7f0-7572ed160041","movie","The Wolf of Wall Street","2013"
"861527ab-59f4-48a9-bab5-4afada8dd4b0","movie","Chak De! India","2007"
"b7d28823-d887-46d6-a83c-59e16287d7dc","movie","There Will Be Blood","2007"
"f877ff1b-3c04-4dda-b4e1-42c869f1069f","movie","Pan's Labyrinth","2006"
"cce75181-eff6-48dc-8024-6ee8fcbf0ca9","movie","Toy Story 3","2010"
"1e9d220f-2499-4be0-a527-9c2bfe44252d","movie","V for Vendetta","2005"
"ce98d1bc-6615-480e-9590-556ba0fb04df","movie","Rang De Basanti","2006"
"a0224173-3b23-4261-94f1-08568f3badeb","movie","Black","2005"
"22882c54-c707-497c-b2ab-a37403670b0f","movie","Batman Begins","2005"
"d973a22d-c6a0-48d4-aa0a-76e943cde6bc","movie","Swades: We, the People","2004"
"38518423-e3b2-4288-beaf-bb0d84321fd1","movie","Der Untergang","2004"
"d3a501c0-7d20-486a-b41b-9996b53ab8b7","movie","Hauru no ugoku shiro","2004"
"94ef4070-20b4-4f83-a6c5-562e13e2f57a","movie","A Beautiful Mind","2001"
"2b1552a2-aa6e-43b9-add3-fa3f00c4abe4","movie","Hera Pheri","2000"
"2e6f7cce-56fc-4f03-add3-5ca10f1f05d5","movie","Lock, Stock and Two Smoking Barrels","1998"
"a113734b-b631-4629-98c9-17087f031a52","movie","L.A. Confidential","1997"
"b8405d21-e33f-4eb8-befb-ab712cec9bd6","movie","Eskiya","1996"
"662ce889-88e9-4566-82e0-d5b7716081c6","movie","Heat","1995"
"ea575182-f8af-4289-aff9-aa0ba1d24e68","movie","Casino","1995"
"a9be2f63-792f-4c6f-84b9-dcdaf7c4ca3a","movie","Andaz Apna Apna","1994"
"448defa1-3aab-4b73-8b32-bbac79595ecb","movie","Unforgiven","1992"
"84bf39ca-d443-4b47-9171-78a6890479c7","movie","Indiana Jones and the Last Crusade","1989"
"decae374-dbde-4f83-83c5-41494c398098","movie","Dom za vesanje","1988"
"35f329ad-7cd1-4be9-85f2-dabacd017d2f","movie","Tonari no Totoro","1988"
"68f8eb5b-1ad2-4a41-8131-c7edb1a50893","movie","Die Hard","1988"
"7cb18536-5259-4493-a057-0b0215f24bee","movie","Ran","1985"
"4496cfc1-b5ee-41ca-b1a4-02958ede94ce","movie","Raging Bull","1980"
"2186bd0d-dc6a-4441-af32-4b4f5636bbb1","movie","Stalker","1979"
"b092ab02-c60e-4d13-a022-69e273d9dde8","movie","Höstsonaten","1978"
"731eb2db-1bfa-4ebc-af61-8cd7a49c90f3","movie","The Message","1976"
"057d95f2-b5db-48b2-b14f-f5f25b815597","movie","Sholay","1975"
"39160fb5-a67b-48d8-af77-f37c4c0684b3","movie","Monty Python and the Holy Grail","1975"
"92d9443f-08dd-41e0-99e2-04071bb2cbab","movie","The Great Escape","1963"
"69931cd8-9d06-4f73-b2b1-103d13dcf0bb","movie","To Kill a Mockingbird","1962"
"b0837945-4e58-43f9-a2a5-af1e754524ea","movie","Yôjinbô","1961"
"d5ec3c92-739d-47a8-9fab-9b1120ec5170","movie","Judgment at Nuremberg","1961"
"571245fc-93dd-4acf-a9f7-835e68a267b5","movie","Some Like It Hot","1959"
"f77972ab-319a-42d9-9fd1-9cb11b0a5c58","movie","Smultronstället","1957"
"bca5f467-b708-4d91-832b-46b4c2b8cc1a","movie","Det sjunde inseglet","1957"
"b2e2ce68-aa8c-481f-b26f-650157e06293","movie","Du rififi chez les hommes","1955"
"e634447c-0a51-48b4-8be6-30d935908fa9","movie","Dial M for Murder","1954"
"70a81a6a-8a68-44ac-8ea2-82d14d2b3dbd","movie","Tôkyô monogatari","1953"
"1239c549-4416-4cb7-b4e1-db174c6bcdfa","movie","Rashômon","1950"
"c327981b-fe6c-436a-94e1-abcfa58a5bf2","movie","All About Eve","1950"
"003eb807-e097-45d8-a9d8-eaaa9b3f2119","movie","The Treasure of the Sierra Madre","1948"
"621f7ab3-068b-407f-817c-b7bffa92e9ee","movie","To Be or Not to Be","1942"
"21df3924-5c21-4946-89d2-6dc00425d627","movie","The Gold Rush","1925"
"f7b99297-f8ed-430b-a7a2-e82f9525e477","movie","Sherlock Jr.","1924"
"bf79033e-00d4-40b4-8e62-4c5d1b013439","movie","Portrait de la jeune fille en feu","2019"
"88c08d4d-59e5-4f9a-b55e-c983bd2f0459","movie","Pink","2016"
"853580b3-1b9e-4cdd-bcd3-6f3f0dc89c3c","movie","Koe no katachi","2016"
"3e5aab5e-12a7-4d1f-a55e-d99e48c1ec3f","movie","Contratiempo","2016"
"393f94d5-d156-4b40-b816-2bf451574381","movie","Ah-ga-ssi","2016"
"4eea2e8f-12fa-4d24-8414-70dce71c40f5","movie","Mommy","2014"
"984b35da-e590-423e-86d1-465ca7d7ba15","movie","Haider","2014"
"f7b68fc9-2f5b-4fa7-bd80-939573fc902d","movie","Logan","2017"
"90a9cfcc-ff70-4b42-84c8-d8905744336b","movie","Room","2015"
"eaf52ca2-3537-4635-bcd8-ce072d0e6007","movie","Relatos salvajes","2014"
"45e11bc6-cf49-4067-8584-9cea0e91677b","movie","Soul","2020"
"358d7740-f40d-4a55-9077-74b91a1d4125","movie","Kis Uykusu","2014"
"6c1e5274-dd0a-4aeb-84c7-71b7407ee29c","movie","PK","2014"
"9fb05b89-bc8e-4df5-88bf-a923949b98ff","movie","OMG: Oh My God!","2012"
"693bcd73-375f-4b52-8131-b476e3645e53","movie","The Grand Budapest Hotel","2014"
"94f49a3b-82a1-4932-b865-44843adf0824","movie","Gone Girl","2014"
"799e42ec-6f3a-4de4-966d-3e5b18038a55","movie","Ôkami kodomo no Ame to Yuki","2012"
"f25753ca-ccd8-4ce0-b485-9011fba21c9a","movie","Hacksaw Ridge","2016"
"f4b4fc26-5449-4d91-976d-a2641b57ea58","movie","Inside Out","2015"
"a16c1821-da49-4524-b88b-9f2683a33574","movie","Barfi!","2012"
"289553db-63a6-456b-a4a5-539cb6cf0cb8","movie","12 Years a Slave","2013"
"c725fdd2-6012-42d9-bf8d-4fd32a61f137","movie","Rush","2013"
"a26e366f-1e02-4319-8224-e72134eebf73","movie","Ford v Ferrari","2019"
"0c3a472b-154c-4f7b-8952-461698d11fba","movie","Spotlight","2015"
"19a5f1be-bf9d-46d1-ba2a-24c8502f0104","movie","Song of the Sea","2014"
"826b574c-55ce-42ec-bdf7-65f1c0b4d280","movie","Kahaani","2012"
"7b313bd0-54ef-4d19-aa68-91b9eaea6e7d","movie","Zindagi Na Milegi Dobara","2011"
"1b536ee3-c0c1-4c43-9c0d-089d51b6d949","movie","Prisoners","2013"
"6bc86b71-375f-47af-9780-b40c53b6112e","movie","Mad Max: Fury Road","2015"
"f4ed2ac7-64e2-4766-8052-8485e35619c1","movie","A Wednesday","2008"
"8e03abea-5660-4eb4-90d7-72fb1da01924","movie","Gran Torino","2008"
"11faae15-a18b-4232-84b4-d485553b0ba5","movie","Harry Potter and the Deathly Hallows: Part 2","2011"
"11e53876-4494-4ea1-ac94-f52eba96539f","movie","Okuribito","2008"
"51c5d83c-a99d-4d7f-ba28-3e92394370f8","movie","Hachi: A Dog's Tale","2009"
"eb692467-e464-4ed2-89ba-6ff0433f6212","movie","Mary and Max","2009"
"1c090069-e7b3-4700-89c2-78d5364f416c","movie","How to Train Your Dragon","2010"
"32eb6cbb-f955-4c52-8cdc-97197b12c4fc","movie","Into the Wild","2007"
"39ed816d-6432-43ca-a6ea-eae6cacd8b36","movie","No Country for Old Men","2007"
"af78fe6f-0753-46e0-b699-52befd6ca90c","movie","Lage Raho Munna Bhai","2006"
"ee1c133b-5a48-4767-bbd2-7af3fbb1547a","movie","Million Dollar Baby","2004"
"e04f1a5e-ac7d-4e75-bed4-1e625496dc4d","movie","Hotel Rwanda","2004"
"281b9229-698d-4fad-96ba-62ee33f3e52b","movie","Taegukgi hwinalrimyeo","2004"
"988184b7-d040-4b1e-ad2b-978d0ec74383","movie","Before Sunset","2004"
"4e33d488-4975-401a-9a59-9b3d9f3819a4","movie","Munna Bhai M.B.B.S.","2003"
"f1f07264-8372-41b2-991b-c9875624c3b7","movie","Salinui chueok","2003"
"c863482b-ec24-4a0a-b65d-dd2e370b8078","movie","Dil Chahta Hai","2001"
"24fa39ab-7780-4b27-9cdd-10f7a96ff8c4","movie","Kill Bill: Vol. 1","2003"
"8b073ffc-68a6-4cf9-afb7-d7c8b18803a7","movie","Finding Nemo","2003"
"a6005f9a-8b3e-45d1-9307-70493a222a3e","movie","Catch Me If You Can","2002"
"b6b16122-fdd5-47a2-8606-645b11ff6011","movie","Amores perros","2000"
"b6f4a719-f9f6-4cbe-8abf-440fd4e3e8eb","movie","Monsters, Inc.","2001"
"cc5879c6-c9bf-4453-a2d8-5918495ce9b5","movie","Shin seiki Evangelion Gekijô-ban: Air/Magokoro wo, kimi ni","1997"
"66ed6f2b-73d4-47ec-b533-bf94a90196de","movie","Lagaan: Once Upon a Time in India","2001"
"b334c7c3-70b6-44bd-b855-955b032bf0c8","movie","The Sixth Sense","1999"
"62a183f9-26e1-4a5f-b02d-0f91b5f1f457","movie","La leggenda del pianista sull'oceano","1998"
"f95d621d-4a64-4539-8601-263651e47a93","movie","The Truman Show","1998"
"24b52e4e-b95e-42a7-87fb-ad8ee05af773","movie","Crna macka, beli macor","1998"
"cf7c192b-75eb-4aa4-a482-1a9ae7e7065e","movie","The Big Lebowski","1998"
"c2d52fe0-4a4e-424b-877b-9ff025786df1","movie","Fa yeung nin wah","2000"
"08104661-d5bc-4686-b5a7-48f710af907c","movie","Trainspotting","1996"
"99eefab1-b7c1-4ff3-b2ec-34a475718e73","movie","Fargo","1996"
"4a5f9681-4bc1-4ef5-8743-341044a1e61a","movie","Underground","1995"
"35d7b399-3559-42a7-86a1-2799fdee497f","movie","La haine","1995"
"f1f7778c-123b-4253-a487-917ad428e383","movie","Dilwale Dulhania Le Jayenge","1995"
"fa9aa0e2-f911-4aaa-9e43-444953423186","movie","Before Sunrise","1995"
"da21dd8d-11f7-44d3-adfb-9eb7a635c4a9","movie","Trois couleurs: Rouge","1994"
"27cf82f5-cf7c-45e7-bff9-8ac76f6dcddc","movie","Chung Hing sam lam","1994"
"f9c881e6-8c50-4776-8666-98fb02d6fb94","movie","Jurassic Park","1993"
"861d5d2f-c320-43dc-95cf-96fde5c07bba","movie","In the Name of the Father","1993"
"fb70ff29-9204-4dbc-ba82-7450f332d812","movie","Ba wang bie ji","1993"
"bd837410-c9b6-485c-bd35-2f4364853e63","movie","Dà hóng denglong gaogao guà","1991"
"0256480a-629d-4288-aa42-fe1bc7914f04","movie","Dead Poets Society","1989"
"cb83f7ba-f8f1-470b-9a15-9a0cb84ea2a6","movie","Stand by Me","1986"
"484b9a36-e847-4ade-a31d-033a86512594","movie","Platoon","1986"
"fe91cf2d-21ca-4d0b-a74c-04a41f2def00","movie","Paris, Texas","1984"
"fef7b711-28aa-4977-b2e8-fcb28f2b2974","movie","Kaze no tani no Naushika","1984"
"8ac6d014-df50-4e6c-8074-0baba1b54026","movie","The Thing","1982"
"ac3baeba-d5af-4ccc-aa5e-3f64ef3c4185","movie","Pink Floyd: The Wall","1982"
"3815ff1b-4710-47aa-a1d4-dcb8c6e1aec8","movie","Fitzcarraldo","1982"
"0ec7c862-74c1-4b55-a1f9-99dee99ffd18","movie","Fanny och Alexander","1982"
"983ad101-c852-4250-bf07-7e49ecc485d8","movie","Blade Runner","1982"
"b84aa478-11a1-427d-ad3c-9ba52d50fe49","movie","The Elephant Man","1980"
"56ab1541-c9e3-4904-a787-233513bb5fb7","movie","Life of Brian","1979"
"3a3153a0-92e7-4141-bbab-6b6f43bd0e90","movie","The Deer Hunter","1978"
"848eab71-15d8-425d-a3dd-b80e87106ff5","movie","Rocky","1976"
"8a5e78c6-f3ec-4892-8f01-3a85ab028a64","movie","Network","1976"
"e6e59f0f-f8c9-49e0-941e-bc35856a32eb","movie","Barry Lyndon","1975"
"5c0c9905-abeb-4d4f-8478-ff904913f515","movie","Zerkalo","1975"
"9984e67f-2792-4fd3-9160-17906c3bfa72","movie","Chinatown","1974"
"7d1ab21a-d0ca-44aa-8e41-3e80914b31c7","movie","Paper Moon","1973"
"204b72df-f4c5-4ee5-a21b-af7cdf36c1d8","movie","Viskningar och rop","1972"
"035e2fe3-2b30-4654-97f9-b0d11d5b1057","movie","Solaris","1972"
"1b278285-5fb4-4091-91a6-5f5f9b0a8026","movie","Le samouraï","1967"
"ba51b3a3-60cf-433b-9a45-e574c201898f","movie","Cool Hand Luke","1967"
"42493c63-b57c-4fd6-90f2-a436497ad9ba","movie","Persona","1966"
"78838823-ed01-4ecf-8c17-670dd5f13641","movie","Andrei Rublev","1966"
"9c3a2e79-a25c-4258-8399-e95216550908","movie","La battaglia di Algeri","1966"
"85ea1a99-19a5-4ea0-a8c8-234bcd2adfa2","movie","El ángel exterminador","1962"
"af9d28f4-8843-444a-ae60-97c5c62d25b6","movie","What Ever Happened to Baby Jane?","1962"
"3b2c9f01-0277-467c-a459-baaf4e2e5d09","movie","Sanjuro","1962"
"15648657-2ae1-42b7-8de6-dbd1a53444cf","movie","The Man Who Shot Liberty Valance","1962"
"0f7e658d-563b-4010-ad2f-1e48605cff5d","movie","Ivanovo detstvo","1962"
"317a0f25-fa6d-4289-8058-d5389325ee13","movie","Jungfrukällan","1960"
"41b6f1a4-26b0-4491-9c8f-2baa725f8480","movie","Inherit the Wind","1960"
"0c155540-77b3-4e81-9a32-7342c3695b06","movie","Les quatre cents coups","1959"
"d9d4c245-76de-42c5-a866-e91d63d53657","movie","Ben-Hur","1959"
"f28f716c-fe25-4d8b-8fc4-e1c2869cd781","movie","Kakushi-toride no san-akunin","1958"
"7dda4c4d-53db-4b82-9c4e-8ae538b1e8bd","movie","Le notti di Cabiria","1957"
"66becf26-8876-4c87-be91-3ee06e325672","movie","Kumonosu-jô","1957"
"c2cbff32-6cac-4a77-b602-ed197c39d477","movie","The Bridge on the River Kwai","1957"
"494e5f44-d176-478e-a0bc-ac8e78db3459","movie","On the Waterfront","1954"
"e36c2d70-ce8f-4945-9fde-6ece0f64c9cc","movie","Le salaire de la peur","1953"
"eb5af7ad-dafc-4c13-a2b6-134409606b19","movie","Ace in the Hole","1951"
"c4088d5c-a7fd-42c3-8b70-5e577e4caff2","movie","White Heat","1949"
"e7dc20de-e968-46d5-bdf3-17d360f04e73","movie","The Third Man","1949"
"810d251f-0345-4509-b64f-a03e2687179c","movie","The Red Shoes","1948"
"5c99d1e6-283d-4f3d-b2f8-500d45aa0da0","movie","The Shop Around the Corner","1940"
"5d9d5c03-d093-4dc3-80e0-e416f8c6f8dc","movie","Rebecca","1940"
"e7b5ea57-9329-49b4-8249-2a177efe611f","movie","Mr. Smith Goes to Washington","1939"
"4edeb367-42ef-4afe-8c4e-4523c91c15bf","movie","Gone with the Wind","1939"
"003bbbd6-61aa-4301-901b-1d1f534ec4da","movie","La Grande Illusion","1937"
"f7a71a83-40a3-4d7d-8ffd-e837f86a31fb","movie","It Happened One Night","1934"
"5b9f013a-6b4e-44f1-b968-c0b134e00e30","movie","La passion de Jeanne d'Arc","1928"
"029d7a6a-fda0-4372-a9d6-4e2f1181ecf5","movie","The Circus","1928"
"7c9fd816-aa98-468e-a5af-681a47dbf124","movie","Sunrise: A Song of Two Humans","1927"
"b316b593-5b97-4333-a014-e9bb3c2e0d9a","movie","The General","1926"
"018934cc-7651-416e-9e99-f7f9a48792c7","movie","Das Cabinet des Dr. Caligari","1920"
"c752fd7c-b488-4f9a-a8f9-016f990bd5fb","movie","Badhaai ho","2018"
"ad12fefa-51bc-4589-b4ad-c505a2b93a1d","movie","Togo","2019"
"37a87903-583f-4d3c-9564-61bf3ae58058","movie","Airlift","2016"
"e555b89a-8bb8-49ea-90a3-63658bf9a7a8","movie","Bajrangi Bhaijaan","2015"
"c4a85ff0-6cbe-48fb-bb42-6921b50f0d93","movie","Baby","2015"
"95e096f8-50cd-4701-94ef-e6acf66579c6","movie","La La Land","2016"
"d3f77533-d1e2-4171-a0b0-23e51484d942","movie","Lion","2016"
"c083b4ca-c5ee-4896-959e-85095d05bd02","movie","The Martian","2015"
"3509def1-78aa-498b-8b6d-a90f6831b729","movie","Zootopia","2016"
"cc0c085c-2bbb-43a2-97e5-32cbbf6db6e9","movie","Bãhubali: The Beginning","2015"
"1aad78e9-c31c-4313-9b79-47a907af1512","movie","Kaguyahime no monogatari","2013"
"ab3cf875-d813-4561-8202-d3ef87110883","movie","Wonder","2017"
"661f986f-4576-40a1-acd3-348f4f819c7c","movie","Gully Boy","2019"
"88c3dff3-73cf-4e6e-8afd-be771a1043ea","movie","Special Chabbis","2013"
"0bf947ce-5b8b-404a-876b-912df077e983","movie","Short Term 12","2013"
"0ac96873-d61b-466c-a22f-c13e97c0dcda","movie","Serbuan maut 2: Berandal","2014"
"afdf5236-7bfb-44d4-9efd-58dac8a2f2fd","movie","The Imitation Game","2014"
"407fd5e0-48ff-459e-972e-7af27b277969","movie","Guardians of the Galaxy","2014"
"44879ca7-7f18-4319-bb54-f0b902e08873","movie","Blade Runner 2049","2017"
"7dcea9f4-3bcc-4690-960d-06cd4f80e2ed","movie","Her","2013"
"2f07b01d-c79c-408a-8b4d-42cdf6a98ebd","movie","Bohemian Rhapsody","2018"
"a15dbd41-6c92-45bd-9c0d-80a42b28d73a","movie","The Revenant","2015"
"1d7a43d8-1e77-406b-b5d4-de77a6a4ad3c","movie","The Perks of Being a Wallflower","2012"
"2cd1cd37-018c-42fe-95f8-3733409a64d5","movie","Tropa de Elite 2: O Inimigo Agora é Outro","2010"
"fc5f0b13-be80-45ab-957e-85419c774523","movie","The King's Speech","2010"
"c50a0cc1-c5ce-4004-b817-35075d046a89","movie","The Help","2011"
"74a3487e-0ccc-4a65-9691-8b72fea900e0","movie","Deadpool","2016"
"8f0eb6ca-8bd9-41d4-b6df-64e49bec013a","movie","Darbareye Elly","2009"
"8eaf6c93-f9b0-4771-8979-8a52166fe01d","movie","Dev.D","2009"
"fbecf8c2-3337-4714-b884-fa43a7acc1c4","movie","Yip Man","2008"
"9df3e675-fa61-433d-a482-fe78e7f49ae2","movie","My Name Is Khan","2010"
"c818de6c-2582-424e-a28c-b2c88ba71ede","movie","Nefes: Vatan Sagolsun","2009"
"fc7b59c9-faee-481f-8822-0ec50cc1360a","movie","Slumdog Millionaire","2008"
"a97bc09f-d3ff-427b-adb7-1ea2582c6390","movie","Black Swan","2010"
"335098d5-a4e4-4421-8b0a-f2ea6dfb0cd1","movie","Tropa de Elite","2007"
"db73ad3b-ad29-4e3a-95b4-057c4b53848f","movie","The Avengers","2012"
"7771fdac-74b0-4fdb-9f27-930d2e0c6106","movie","Persepolis","2007"
"2cce5ac3-8303-40a1-8fbf-b002b867c738","movie","Dallas Buyers Club","2013"
"c5632539-47dc-4a2f-b766-b0cb5f2f5a8e","movie","The Pursuit of Happyness","2006"
"75e50195-bba4-4f59-ba90-bc37c340d0bd","movie","Blood Diamond","2006"
"1918a095-2d4c-4d93-8b70-11beb522eb38","movie","The Bourne Ultimatum","2007"
"5f27c168-dafb-477c-a8ac-251beed5838e","movie","Bin-jip","2004"
"5db10e91-1463-46ce-8978-0c005e5a2957","movie","Sin City","2005"
"37c72494-655d-4486-9bb0-a0cdee887835","movie","Le scaphandre et le papillon","2007"
"5cf59aa7-d8dc-4ee7-9c82-bcdbe5f01e92","movie","G.O.R.A.","2004"
"701db2b1-6603-48b8-a2fc-309a30492438","movie","Ratatouille","2007"
"b2c27d83-b100-4d66-8e30-e4e0114cfeb4","movie","Casino Royale","2006"
"ad39d91f-7fe8-41e0-9253-171000a07f35","movie","Kill Bill: Vol. 2","2004"
"527781c5-d4d5-4098-a7cd-806b1a5cfe29","movie","Vozvrashchenie","2003"
"10289790-7519-4faf-bd36-26741e567c54","movie","Bom Yeoareum Gaeul Gyeoul Geurigo Bom","2003"
"49b08ef7-e4ab-4f38-910b-ab2bd84d11cc","movie","Mar adentro","2014"
"92bb05ed-9fe8-4732-84af-72ad06733091","movie","Cinderella Man","2005"
"c13aa228-d538-4536-998c-6972c814e45f","movie","Kal Ho Naa Ho","2003"
"7c7bcdf9-2d1f-4f98-abc8-356cb22f3e12","movie","Mou gaan dou","2002"
"abfebbe9-97ff-46dc-8cc8-deb840c5c7a5","movie","Pirates of the Caribbean: The Curse of the Black Pearl","2003"
"4a22f82f-7371-4fe3-a5d7-8a39911795b0","movie","Big Fish","2003"
"8aa61493-c867-4637-befb-8f955320aa15","movie","The Incredibles","2004"
"6a420683-4599-477c-8542-f16d6c52f2dd","movie","Yeopgijeogin geunyeo","2001"
"83ccd690-9c93-4dd2-8568-7efee9291629","movie","Dogville","2003"
"f7cc6ffb-ef88-45b4-8643-1359ab88cfc0","movie","Vizontele","2001"
"97ea4468-36e1-4ff8-985b-8b18ec68b05a","movie","Donnie Darko","2001"
"acba535d-080c-4f93-99a8-b8d465538f0f","movie","Magnolia","1999"
"64681ede-9191-4399-8741-3a6cd525bfcc","movie","Dancer in the Dark","2000"
"d072a24d-cc6b-4805-b3fd-0fe2c370bfa1","movie","The Straight Story","1999"
"a8913a0f-31e7-44cb-80d3-38b26305577a","movie","Pâfekuto burû","1997"
"662d5ce8-be07-4ab4-850d-d5d453293853","movie","Festen","1998"
"e16883ae-3143-4553-9e1a-244a37b2b590","movie","Central do Brasil","1998"
"9b8a83fe-c634-464f-a106-5ba6fb7b605f","movie","The Iron Giant","1999"
"9428acf3-59f9-4a8d-9c29-da8c46621a80","movie","Knockin' on Heaven's Door","1997"
"04cc0449-5518-4cbc-a2d4-ab50fb63116b","movie","Sling Blade","1996"
"6d775ed8-2214-45ae-beb6-7309164e7c43","movie","Secrets & Lies","1996"
"ad013516-8890-4d5d-b8c1-4804522d99fc","movie","Twelve Monkeys","1995"
"56d9e3e4-a813-436e-9ea3-27fef3cf3160","movie","Kôkaku Kidôtai","1995"
"b0a46293-24c7-4233-9f70-5e10afb1ca3e","movie","The Nightmare Before Christmas","1993"
"2cba0f9e-7812-4e9b-b99d-dc6ed6e3996b","movie","Groundhog Day","1993"
"9b564e8f-4e1e-4db1-a431-e45245952e12","movie","Bound by Honor","1993"
"1d6977aa-4061-4bc9-93ca-d0a5b0ce8a42","movie","Scent of a Woman","1992"
"64537f8f-c46b-482f-99c7-927ab064b062","movie","Aladdin","1992"
"277baf7f-0501-42c9-8680-830929b2a9e7","movie","JFK","1991"
"57a49f01-fba3-4e88-ae73-534b69fc7973","movie","Beauty and the Beast","1991"
"72953a40-fdce-4673-af06-eb73c2ec479d","movie","Dances with Wolves","1990"
"67a13c35-1938-450a-9813-a4e9da693800","movie","Do the Right Thing","1989"
"1d7aa1fd-b78c-4275-9c44-d99a0a6c49c2","movie","Rain Man","1988"
"ea3e642e-f0da-4e60-a7fa-97ed187759cd","movie","Akira","1988"
"929fb109-c52e-420b-a028-f2340b1e0830","movie","The Princess Bride","1987"
"42da8d76-d8c2-425a-b8d0-51ef83b92d56","movie","Der Himmel über Berlin","1987"
"bfe516bc-3239-441e-b03f-484b192890be","movie","Au revoir les enfants","1987"
"01564392-3881-43ff-a458-6b8029dfa12e","movie","Tenkû no shiro Rapyuta","1986"
"e986a6f4-0567-49d3-b6ae-78ca2fdeb8c9","movie","The Terminator","1984"
"c8e4bc2a-722e-47ed-8b33-d2d9c4c2feff","movie","Gandhi","1982"
"e1b7d72f-90a2-4141-86ba-710e36b460df","movie","Kagemusha","1980"
"d0632ef3-f22d-43e1-b0c4-42c87cc6f087","movie","Being There","1979"
"d8663609-c452-4893-9180-762318e5a514","movie","Annie Hall","1977"
"40267ead-587b-4c99-8f0d-f708510454f9","movie","Jaws","1975"
"304d0f3d-08d6-4d24-b6ba-f9f13dcd1512","movie","Dog Day Afternoon","1975"
"c4f60fd7-5d97-48c0-bbea-04705f6bd2a0","movie","Young Frankenstein","1974"
"b9d56e06-a354-4504-b975-cc79ed7cac11","movie","Papillon","1973"
"dbc33c11-ea3c-45a2-9d21-95a6ee5e3df2","movie","The Exorcist","1973"
"a8b37416-fae1-4ddd-a3c1-f56d9394ffff","movie","Sleuth","1972"
"917c3b59-c63e-479d-a8e6-513291cab5c9","movie","The Last Picture Show","1971"
"21e03cc6-5066-497f-a20a-52d82ed71fa5","movie","Fiddler on the Roof","1971"
"6b402d42-634d-48ee-945e-c13d307a9703","movie","Il conformista","1970"
"6e9561ec-489a-4c0b-869c-cb9731f6ebb9","movie","Butch Cassidy and the Sundance Kid","1969"
"2d6f7953-6365-4f5f-8427-4899871f3502","movie","Rosemary's Baby","1968"
"c1455073-3267-4f1d-8c44-9b382c4b7421","movie","Planet of the Apes","1968"
"6f2edb88-cf62-4038-9afb-94a56240fd1d","movie","The Graduate","1967"
"850b8677-6c7d-4598-bb62-76445dffb4d3","movie","Who's Afraid of Virginia Woolf?","1966"
"e0e29cab-e675-4fd9-80d3-d4a568ace88c","movie","The Sound of Music","1965"
"f9b632d1-d98a-48cb-99b8-00b1d95075cb","movie","Doctor Zhivago","1965"
"f094050d-c475-474a-b92b-7b1100d3c248","movie","Per un pugno di dollari","1964"
"372f705a-a565-4ceb-b607-c03672a34318","movie","8½","1963"
"e6667695-cda8-4a01-820b-a9212ae6fa7a","movie","Vivre sa vie: Film en douze tableaux","1962"
"1f784d57-f8cc-4e35-afe2-6697fe1e06e0","movie","The Hustler","1961"
"d1b4614e-397d-489b-8d4e-466f64be9a17","movie","La dolce vita","1960"
"ec6ec863-ec22-4031-b8f7-ff4483a0758e","movie","Rio Bravo","1959"
"af9ecbe1-d9b5-4338-9e67-66566ffeee06","movie","Anatomy of a Murder","1959"
"b683ee69-c8bb-40c3-9703-99eb3078fc95","movie","Touch of Evil","1958"
"43013498-7801-45ac-8e2a-a238cb1fe085","movie","Cat on a Hot Tin Roof","1958"
"408ff8b7-0f5d-4f2d-b681-926a195c0eb2","movie","Sweet Smell of Success","1957"
"fa1200b9-6364-4932-8459-190678ca9b7a","movie","The Killing","1956"
"233f6d91-383e-461c-a2a7-777c6cc04959","movie","The Night of the Hunter","1955"
"da7faeee-ea82-425d-8b9b-b2cff8094eda","movie","La Strada","1954"
"b550d93c-7404-4e59-bb46-4de2d5bffec3","movie","Les diaboliques","1955"
"29aba03a-da72-4a2c-a400-e6a0e3065ed1","movie","Stalag 17","1953"
"9404f5f3-4648-437c-a049-ec68cbc07c69","movie","Roman Holiday","1953"
"252a1501-2f3a-4ce1-8cb3-179426309750","movie","A Streetcar Named Desire","1951"
"3ef06d99-6e5c-4866-83d1-92b6eeaceced","movie","In a Lonely Place","1950"
"55b5e84b-8d95-4ac0-b007-24ac77a61eff","movie","Kind Hearts and Coronets","1949"
"a0ffa2a2-a0c3-436b-bba1-1e4c97424b56","movie","Rope","1948"
"f3a06ddc-1982-4cfc-bd99-1b1b67677ff2","movie","Out of the Past","1947"
"974d9916-475a-4606-83a4-b21021eb5d42","movie","Brief Encounter","1945"
"a2a9ef10-db53-4ecb-a877-eba40ee2541e","movie","Laura","1944"
"cf132e2f-f66c-4e82-ae62-753af4835fb8","movie","The Best Years of Our Lives","1946"
"e71d6b1f-2e00-40ac-b24d-5d5564ad6689","movie","Arsenic and Old Lace","1942"
"5d7ee6a0-c94b-412a-a338-526f784421c4","movie","The Maltese Falcon","1941"
"4c7cdb33-4325-4741-9cef-aab46e0ecf2b","movie","The Grapes of Wrath","1940"
"d3c56a3a-02e3-4393-9bc9-6c14ac421ca6","movie","The Wizard of Oz","1939"
"f1e40f7c-f976-46b6-aae2-ddf819793941","movie","La règle du jeu","1939"
"8106b3d3-88fc-4cfd-a949-8ff0d7a92725","movie","The Thin Man","1934"
"a2c5479b-ea38-49f4-8c6b-d96379a7806e","movie","All Quiet on the Western Front","1930"
"93e1d743-746e-4628-9b6a-739ee0448c13","movie","Bronenosets Potemkin","1925"
"823d03d4-9ce5-4bcf-a3f1-94450f59fdf8","movie","Knives Out","2019"
"782063f8-0bcd-4af8-99f1-7b16d01baa24","movie","Dil Bechara","2020"
"77637b9c-c184-4575-a375-518888546137","movie","Manbiki kazoku","2018"
"aea8fcb2-5fec-4850-89d1-f129e0d7982f","movie","Marriage Story","2019"
"fc2a23e2-e782-40db-ab02-ccf25b25db02","movie","Call Me by Your Name","2017"
"c6cc98f1-ad21-423f-922d-a56e4b99530b","movie","I, Daniel Blake","2016"
"d427931d-967c-4aed-8c99-21da8b882a31","movie","Isle of Dogs","2018"
"554fb1e8-0902-4ee0-9805-0d74e743bdf5","movie","Hunt for the Wilderpeople","2016"
"d5479a3d-fe6a-4826-8b20-6ff38e68ee27","movie","Captain Fantastic","2016"
"6baaf72e-f219-4be3-a9ec-0aeb5337ca10","movie","Sing Street","2016"
"808b7b0b-d21a-48f0-bce0-5315e5a2992e","movie","Thor: Ragnarok","2017"
"6423922a-6009-4412-b0e1-2ced9850bd91","movie","Nightcrawler","2014"
"871e6531-c80e-4c4e-bd8d-3535db4f6dcb","movie","Jojo Rabbit","2019"
"a00b48ec-4ef2-4ebd-9848-2f5f7c766f2b","movie","Arrival","2016"
"129ec815-0fb4-4056-9ee0-2222e74b0e83","movie","Star Wars: Episode VII - The Force Awakens","2015"
"cf127833-6f9e-4022-bcaf-017232c86b07","movie","Before Midnight","2013"
"2a8515ef-b77b-4755-b733-5be9d82ae43e","movie","X-Men: Days of Future Past","2014"
"093c4bc6-6d46-4d42-9172-fb9d05c8581c","movie","Bir Zamanlar Anadolu'da","2011"
"ff0bc79c-3863-48e8-8f46-61028cd99966","movie","The Artist","2011"
"c25da60e-7a79-4c2b-8200-c59a67646442","movie","Edge of Tomorrow","2014"
"28b293a5-a581-4da6-8a0f-bd4583b305c0","movie","Amour","2012"
"007e2bc7-6543-468b-a4d7-8f8c0e9bb8ca","movie","The Irishman","2019"
"3cfb9bbc-b588-46ac-ad15-ef7162e0d06e","movie","Un prophète","2009"
"6b721d81-42da-465f-a019-f70ce478081d","movie","Moon","2009"
"1edd26f1-8d78-496c-bf35-438e34ae2805","movie","Låt den rätte komma in","2008"
"d3cef42b-ea65-4d64-a991-0a4b7f3e9efb","movie","District 9","2009"
"34a9c429-2a2a-4ad9-921d-1e3a61e8b310","movie","The Wrestler","2008"
"bfb17b98-b4ea-43db-a67b-57b7077c1274","movie","Jab We Met","2007"
"11c8f138-eb54-4a35-84de-462b93ce2ded","movie","Boyhood","2014"
"57434766-9fe0-4249-910a-34e3a0752d96","movie","4 luni, 3 saptamâni si 2 zile","2007"
"a5d44df2-9f5a-45d2-a3a2-560f923ad4f9","movie","Star Trek","2009"
"36030484-e7f3-42f4-9878-c7d1e510def8","movie","In Bruges","2008"
"7397dbf5-9408-4626-b966-b02eac8b0645","movie","The Man from Earth","2007"
"67c42800-c575-41e9-9a40-1c9893b683ca","movie","Letters from Iwo Jima","2006"
"2ee7360d-267d-484a-9a78-f3e12bfeb207","movie","The Fall","2006"
"07300b30-19e5-4c98-9101-8374e09f85b9","movie","Life of Pi","2012"
"5c8b3ddf-9501-4e9f-9f39-4369f8093a33","movie","Fantastic Mr. Fox","2009"
"39d310bc-2ba9-443f-be8f-7e01c406264f","movie","C.R.A.Z.Y.","2005"
"ab095c36-6925-41b7-bf57-6daaef4f675f","movie","Les choristes","2004"
"e2df63a6-0460-4af7-951f-d3e54a3f62a3","movie","Iron Man","2008"
"bde7284f-1803-4557-910c-440a9cf5a4e2","movie","Shaun of the Dead","2004"
"1c717787-5404-4665-b90a-784401ae48e2","movie","Gegen die Wand","2004"
"798eeb17-e46b-4a68-a092-22f2bfdc714d","movie","Mystic River","2003"
"c2d4e7ad-389b-4b6c-92a2-0900901c6d7d","movie","Harry Potter and the Prisoner of Azkaban","2004"
"a94b8f99-b296-494d-aa5d-aa48caa482a7","movie","Ying xiong","2002"
"abe3d61c-a0fa-4817-abdc-137fe3540464","movie","Hable con ella","2002"
"af117fe1-fc7d-4cf9-9106-7dc0a2f705bb","movie","No Man's Land","2001"
"f6d519a9-aa9b-4a20-b1b3-cfb1873c45da","movie","Cowboy Bebop: Tengoku no tobira","2001"
"b14bb89b-4e65-4b24-9939-8c4e0606a4f9","movie","The Bourne Identity","2002"
"e397f584-8dc1-49a0-9559-99c497de4986","movie","Nueve reinas","2000"
"a64889aa-b31c-49e2-8e0a-b123a9422fd3","movie","Children of Men","2006"
"7071ead0-11ba-498e-8761-6763272fee85","movie","Almost Famous","2000"
"630f09ee-9584-4178-965d-5a329d7e030a","movie","Mulholland Dr.","2001"
"88a0c733-13fd-411f-9319-5e809c025c14","movie","Toy Story 2","1999"
"e0f10145-d4bb-4c4a-96af-7e5862e8dbb6","movie","Boogie Nights","1997"
"2ff0fa17-4d30-424f-bcd2-3a69be1dee12","movie","Mimi wo sumaseba","1995"
"b74522a8-9cd9-4c00-9497-841306d703d2","movie","Once Were Warriors","1994"
"9cb76159-7379-432f-9e57-a451decd4f51","movie","True Romance","1993"
"80427651-69c7-4d30-b74b-c35dd62e1dd2","movie","Trois couleurs: Bleu","1993"
"74e9eeea-cf9b-4109-a73c-025eda198b76","movie","Jûbê ninpûchô","1993"
"e55dda95-b991-4909-9bf9-a7c2066d97f0","movie","Carlito's Way","1993"
"95ddbd09-274f-406d-899a-3d5db7ad1ad3","movie","Edward Scissorhands","1990"
"7d42d0cd-2875-4f11-b900-0c7ceb1c968d","movie","My Left Foot: The Story of Christy Brown","1989"
"b7d4a954-26c6-402e-9364-1f0a0ee0e2d0","movie","Crimes and Misdemeanors","1989"
"dcf4dd9b-3bf9-433b-82a6-4ae578fad8e5","movie","The Untouchables","1987"
"e6c77e4e-23ea-4596-9a44-e878de720ca7","movie","Hannah and Her Sisters","1986"
"cf4b21bb-f757-4972-a080-2d53177deb7e","movie","Brazil","1985"
"14d09288-f7cc-447e-918b-cffdf82edd17","movie","This Is Spinal Tap","1984"
"991243ec-4051-4f40-9984-945cca88fb4e","movie","A Christmas Story","1983"
"5ccb1d3e-807c-407e-8cb5-b69fa24bcad0","movie","The Blues Brothers","1980"
"efbb3acd-c958-49c2-9b89-f49c9fa0e3ed","movie","Manhattan","1979"
"5074e7a2-62a7-421b-a59a-d9e95f7c1d52","movie","All That Jazz","1979"
"46372788-39d8-47f4-b6f0-130d3e882f14","movie","Dawn of the Dead","1978"
"e2903f22-2cb7-460e-8b00-c1d9e4228c81","movie","All the President's Men","1976"
"38f28424-4044-4513-a393-8f4fffe737f8","movie","La montaña sagrada","1973"
"7f0f575d-56fd-4528-8630-84936c6b251c","movie","Amarcord","1973"
"2edb077c-4196-4bc4-b000-ef31cda55702","movie","Le charme discret de la bourgeoisie","1972"
"f56f5648-06ab-47ad-9f3b-d779e64e6acd","movie","Aguirre, der Zorn Gottes","1972"
"a5025eca-abf9-4355-82c3-9c8488a2c2d2","movie","Harold and Maude","1971"
"651d01c5-2706-4a76-b1c1-7b32f1952196","movie","Patton","1970"
"a9adda1d-76c2-4741-baa9-aefbc4c07e83","movie","The Wild Bunch","1969"
"7fb21233-906f-4aa7-8c35-87731a3d496c","movie","Night of the Living Dead","1968"
"217e51b9-ae7d-421d-b3ca-c37cf2983035","movie","The Lion in Winter","1968"
"e63d484a-a315-4e45-8978-43e040e0d750","movie","In the Heat of the Night","1967"
"2a43f00a-cf50-4e8d-af82-af468652a819","movie","Charade","1963"
"6c9707ad-ce19-4af1-bcdf-abf46c0b939e","movie","The Manchurian Candidate","1962"
"7caa88f9-c065-4a34-93c9-33be5a8abaf6","movie","Spartacus","1960"
"ef4394c8-2a9e-4b0d-b7b6-5552d9944419","movie","L'avventura","1960"
"33eebe3b-9d06-4acc-bfc2-5cd13aee683b","movie","Hiroshima mon amour","1959"
"75d4ee54-6d32-4710-9a5d-d5a492cc3939","movie","The Ten Commandments","1956"
"21a1ef76-239b-4a49-88b4-85135773ac43","movie","The Searchers","1956"
"9e4f0f30-34e4-4f3f-a854-610706529602","movie","East of Eden","1955"
"7f942240-0422-45c0-a4f8-99d0b7f4e2fc","movie","High Noon","1952"
"c19b8d12-8e12-434c-be1d-20cd9ee92149","movie","Strangers on a Train","1951"
"78aecb9e-c164-44ca-b614-2c00d11dbc2c","movie","Harvey","1950"
"57140f9d-71b3-40cc-8b7b-e792e417f4c6","movie","Miracle on 34th Street","1947"
"a7ad3476-e7aa-4f10-9791-5012437a2eb2","movie","Notorious","1946"
"3b3a3997-e94a-46ca-bdbd-e34d69a0f1ac","movie","The Big Sleep","1946"
"c937559a-526d-48e5-8f06-996733e80e01","movie","The Lost Weekend","1945"
"f4a31ccf-32b5-4d2e-adb4-320f7191ce21","movie","The Philadelphia Story","1940"
"43080f57-0561-479a-890f-c3cb03e5f2d1","movie","His Girl Friday","1940"
"721daa41-b17f-4b90-9f50-1280900a9073","movie","The Adventures of Robin Hood","1938"
"36cd3f3e-31d6-4c1a-a66e-4517cb093d9a","movie","A Night at the Opera","1935"
"f7d3b5d2-5d16-474a-95c1-f32899375bd8","movie","King Kong","1933"
"738df1ad-d47b-4dfc-9104-1edde92894e8","movie","Freaks","1932"
"49a6e383-c3a4-48d8-95c9-06c1e3ebb9d6","movie","Nosferatu","1922"
"bfc3d5fa-9f01-4e4c-8237-6e4722066b2a","movie","The Gentlemen","2019"
"375330af-d914-44d4-b870-1355a0d14f2b","movie","Raazi","2018"
"db670e1a-7c14-4f7c-80ee-7c14367ffa6f","movie","Sound of Metal","2019"
"3c982bbc-3359-4bdb-9cfe-2508006d7791","movie","Forushande","2016"
"f269395e-f41b-48de-8a46-7058366b3a86","movie","Dunkirk","2017"
"8cd0c800-e7bf-49ae-aeaa-c8748064ea7f","movie","Perfetti sconosciuti","2016"
"a8fa420f-7ef0-4289-8453-da48f46ec53f","movie","Hidden Figures","2016"
"1b4cfd9c-f099-486f-b8ef-c05ac0bbc585","movie","Paddington 2","2017"
"7a532396-0f8e-4dbe-a0a1-49e7092c7744","movie","Udta Punjab","2016"
"d033b0cc-748e-40f9-bc8c-5d4005f25114","movie","Kubo and the Two Strings","2016"
"6a107ef0-406b-43b4-bd33-d3d40ef1411f","movie","M.S. Dhoni: The Untold Story","2016"
"9a24b3ee-ec54-44e3-afd3-d501470992f1","movie","Manchester by the Sea","2016"
"fd8de386-6918-475b-a21a-cd95c0747d77","movie","Under sandet","2015"
"f448be92-5bf4-4e7a-9fd0-31e63adfadac","movie","Rogue One","2016"
"7fa886fe-6493-4742-b158-be3fde801cca","movie","Captain America: Civil War","2016"
"d29acb6b-cfd7-478e-9779-c3732c5f9eaa","movie","The Hateful Eight","2015"
"a72bca32-9173-4e82-9c38-dfbf9e508dea","movie","Little Women","2019"
"5fc59c80-7aeb-4d14-a569-5534269032da","movie","Loving Vincent","2017"
"e53ffbe5-75c4-4b82-918d-03165c61c573","movie","Pride","2014"
"a79f36b1-e73f-4a11-b582-73fb10b6dd90","movie","Le passé","2013"
"4682a73f-6790-4732-bc33-0c9198bbc76b","movie","La grande bellezza","2013"
"9332ba68-917b-472b-b55b-9520596eada7","movie","The Lunchbox","2013"
"7290b767-5b6c-4172-92df-679d3d0e9d32","movie","Vicky Donor","2012"
"8b1a7247-253b-4ddc-8d15-634c692e4c1d","movie","Big Hero 6","2014"
"bdd99ada-135b-4b72-8abf-88cb28b20ba4","movie","About Time","2013"
"417c4924-6537-42be-9287-9858cfce410d","movie","English Vinglish","2012"
"a57cc97c-ff09-4691-9801-84d9a865dd58","movie","Kaze tachinu","2013"
"a9832db4-ae31-4cb2-ac33-b794ad44a8a0","movie","Toy Story 4","2019"
"748bf4a1-52c5-4f0d-8c62-4f833b0c5fa4","movie","La migliore offerta","2013"
"641c2e07-5209-47c5-9739-a8e520e31af8","movie","Moonrise Kingdom","2012"
"1233adc0-fb64-495d-b5d6-77c9bd3b1ef9","movie","How to Train Your Dragon 2","2014"
"7663eb14-8793-43c0-82f6-9f26b75610c4","movie","The Big Short","2015"
"fe98d966-21e1-489a-8cf9-f51ea3381662","movie","Kokuhaku","2010"
"69797e32-fa38-4868-8c65-96fc244af765","movie","Ang-ma-reul bo-at-da","2010"
"05595d4c-7349-4ea2-ae24-44c293d22859","movie","The Girl with the Dragon Tattoo","2011"
"30b9ecac-882b-4e61-a635-8172bdb69766","movie","Captain Phillips","2013"
"52c84c1d-087c-4517-8160-c52496dfaebc","movie","Ajeossi","2010"
"05f10691-26b1-41ef-ab69-bbe3a1ece993","movie","Straight Outta Compton","2015"
"20619188-e945-4f39-9e8a-08c60f0d716b","movie","Madeo","2009"
"c56daead-d3ed-4810-b43a-c3662b740dee","movie","Chugyeokja","2008"
"e6ea9448-3b23-46c7-b9ae-d2ef51e8961a","movie","The Hobbit: The Desolation of Smaug","2013"
"ac6866e8-e3b0-4318-8642-420cd764714d","movie","Das weiße Band - Eine deutsche Kindergeschichte","2009"
"6b8270c7-3269-4532-b04b-648adf0797e4","movie","Män som hatar kvinnor","2009"
"03a679d2-e093-40c9-a59b-0d348866d680","movie","The Trial of the Chicago 7","2020"
"31122a43-25f9-4aa2-931e-90dc0a945747","movie","Druk","2020"
"a5abe86d-29a0-4895-b2dd-c4f8c4b595bf","movie","The Fighter","2010"
"72c7899f-e674-45d9-98ef-64ec2aa2dcb2","movie","Taken","2008"
"768b0cec-f1af-4827-be30-80749bcef2f5","movie","The Boy in the Striped Pyjamas","2008"
"843111c1-9376-484f-aee5-101aa4f00227","movie","Once","2007"
"d58b4590-7494-45a9-ac37-d299d7a15ee8","movie","The Hobbit: An Unexpected Journey","2012"
"3f22f943-1669-4367-85dc-5d9a9b5b2b24","movie","Auf der anderen Seite","2007"
"cd1dd8af-a72f-4772-915c-20d7e839ed7e","movie","Atonement","2007"
"007f2e8c-e295-48d3-b07f-59f150b7146c","movie","Drive","2011"
"2c579ea3-0f22-4458-a2e3-80631217b367","movie","American Gangster","2007"
"81daa1f4-8c45-43bb-8ae8-f5e9f6804c14","movie","Avatar","2009"
"bda775ca-89d3-4454-8fe7-a639c5ea52d9","movie","Mr. Nobody","2009"
"86fe85b0-88f5-4c40-9e46-205fd4e9badb","movie","Apocalypto","2006"
"86a4394b-1ad9-47f4-8b41-8c77e00c86bc","movie","Little Miss Sunshine","2006"
"789ea1d5-080a-41fc-b426-852c3567a87f","movie","Hot Fuzz","2007"
"f17fa4d1-9d55-4c4c-97f4-f3284c2be3f2","movie","The Curious Case of Benjamin Button","2008"
"ae76284f-00bb-475b-9de4-60436455b22c","movie","Veer-Zaara","2004"
"f3f7d2c0-77b8-482c-b1eb-2833de4def7d","movie","Adams æbler","2005"
"8c9a3da1-fe3c-4f50-8a3f-3094b09351ce","movie","Pride & Prejudice","2005"
"fa42f2e7-28ce-4c0d-b296-03f25f464587","movie","The World's Fastest Indian","2005"
"8f8aec57-9448-41cd-8450-e40200a28aeb","movie","Tôkyô goddofâzâzu","2003"
"633836a5-03bd-4dca-8801-aee3fbe7bfca","movie","Serenity","2005"
"2e497141-caad-43dc-9648-623fc2c22eba","movie","Walk the Line","2005"
"d4c70453-51f8-4f01-8af6-9050a2be8dbe","movie","Ondskan","2003"
"32871ae4-6d2d-40e1-af8a-3a893c0c5fda","movie","The Notebook","2004"
"621349fb-452d-4bd7-8c30-7e9d23b49942","movie","Diarios de motocicleta","2004"
"5f0f4c14-5f92-4461-9eca-b3691e8e1ab0","movie","Lilja 4-ever","2002"
"bb61526e-c59f-43ef-b6c6-10354c6a0615","movie","Les triplettes de Belleville","2003"
"a6b3a71b-85bc-4445-ba13-ef3c4f8d6057","movie","Gongdong gyeongbi guyeok JSA","2000"
"af76e66d-d6ae-4e93-97ff-610fd04188ae","movie","The Count of Monte Cristo","2002"
"c457e221-2f91-4f05-8ef5-6d8acd22ed0e","movie","Waking Life","2001"
"e5141c4f-72e9-424e-b949-98ae72731cb2","movie","Remember the Titans","2000"
"6bf056e3-1ffb-4fb9-949b-a7aea8f42b97","movie","Wo hu cang long","2000"
"49ec1a5f-9e9b-45fc-89f3-89ea649abd7b","movie","Todo sobre mi madre","1999"
"542f004b-1217-4745-b1b8-2cf745ca7e15","movie","Cast Away","2000"
"1282ab24-677c-43f5-97e4-493a24e39e70","movie","The Boondock Saints","1999"
"0f92ad83-9dce-41b5-9484-a1fbde10149b","movie","The Insider","1999"
"440ac10a-a9b4-4fc4-8b91-82cbb6c9b2f4","movie","October Sky","1999"
"6f33ea55-b2f5-49cc-b982-94e953ed5f0c","movie","Shrek","2001"
"b0dbade7-da95-48ab-ad8a-b74af87b57d2","movie","Titanic","1997"
"46c56408-11c0-4a8c-88e4-5f1961c8256c","movie","Hana-bi","1997"
"b01da79a-2d7b-4c9b-ac80-9b5747cfd9a0","movie","Gattaca","1997"
"b30f1f68-7880-4b5e-92d8-485e5dbecdcc","movie","The Game","1997"
"3f3c9723-e91d-4317-b8c9-81c43ab5704f","movie","Breaking the Waves","1996"
"0af80074-7332-44a5-9c3f-835838c05497","movie","Ed Wood","1994"
"6e7266ea-dbc7-4227-ac7e-6cd0df89c92e","movie","What's Eating Gilbert Grape","1993"
"2289a217-d92f-4b62-b5b2-8a4e87cd2362","movie","Tombstone","1993"
"9d33ad90-a1a9-4f86-baa5-ef23d0929f4a","movie","The Sandlot","1993"
"1a20438b-f39d-49a6-bd7c-94a5ea566a80","movie","The Remains of the Day","1993"
"2442c17a-fbf0-4dc0-9e5f-3f05413227f9","movie","Naked","1993"
"14bfbdbc-1754-4982-98b8-b4177adf2478","movie","The Fugitive","1993"
"ea679dfd-b4ed-4daf-9a95-066b9de846a5","movie","A Bronx Tale","1993"
"63ee5707-f65c-48c8-83f2-dbebaa12a982","movie","Batman: Mask of the Phantasm","1993"
"5c341bf0-93f4-4675-8ad3-dd5910f78a33","movie","Lat sau san taam","1992"
"b2230cf4-901a-49c2-9540-17d4c00ea805","movie","Night on Earth","1991"
"7d54fae3-b0c4-47c5-92c3-d44063fc060a","movie","La double vie de Véronique","1991"
"fe7731d0-8977-4c2e-bc2f-622489779c90","movie","Boyz n the Hood","1991"
"2d424172-1254-4884-b452-1686993a22c5","movie","Misery","1990"
"ba446d52-90a5-4450-8259-e38f29aab970","movie","Awakenings","1990"
"27b9ed0b-f0dc-4d55-8e4e-1c24d7f30ebd","movie","Majo no takkyûbin","1989"
"c25ac37b-1cc3-488f-9d76-3b0f62ca12b1","movie","Glory","1989"
"13e29d0a-9e2a-41db-bec8-739a75ceed2c","movie","Dip huet seung hung","1989"
"3eee00c4-955a-4da6-b6c5-da6ece23ecd6","movie","Back to the Future Part II","1989"
"79501dd8-c3c8-4efa-9a14-6e79df496440","movie","Mississippi Burning","1988"
"4fd2ce45-cb5e-4172-8a80-c8290265cb21","movie","Predator","1987"
"b1ee5a54-eb6a-4888-8988-504b0f6c0184","movie","Evil Dead II","1987"
"2c1fae6d-6ebc-4400-9637-383eb5855485","movie","Ferris Bueller's Day Off","1986"
"3eaf6d4d-d101-48aa-b63c-fd9d3fec08e0","movie","Down by Law","1986"
"6e0740a5-9913-4eb5-a286-f77f22c7b6a8","movie","The Goonies","1985"
"c44f64c8-7007-4b55-8ed9-0ae6c88fd432","movie","The Color Purple","1985"
"203f300a-f321-49fc-9429-3dda7b20eb12","movie","The Breakfast Club","1985"
"734d499d-8b90-4f20-ab02-8b59b0e71098","movie","The Killing Fields","1984"
"8b9d144d-47a9-4ca4-ba21-fc72958db0fc","movie","Ghostbusters","1984"
"a4f00962-0f13-46d0-a3dd-402aaddafdb8","movie","The Right Stuff","1983"
"e1275be3-8a7a-4af0-98cf-f79ccc5100c1","movie","The King of Comedy","1982"
"5562b49a-3f45-453d-b0d5-e132b43c3c6f","movie","E.T. the Extra-Terrestrial","1982"
"119f7e90-f81a-4449-b1f7-ea8032807629","movie","Kramer vs. Kramer","1979"
"57a1e20b-8f46-45db-9135-9b40feb6caba","movie","Days of Heaven","1978"
"31e903b9-7936-4af9-ae28-f735a4e7a38a","movie","The Outlaw Josey Wales","1976"
"fcaa3778-d18d-409f-9a8e-2fc17485782f","movie","The Man Who Would Be King","1975"
"8bedfa36-9cb3-445a-9b71-d702c9408be3","movie","The Conversation","1974"
"69327b16-9739-431d-9c74-353d5482cc08","movie","La planète sauvage","1973"
"febfd3bd-7ca4-40e1-bffd-0c3619ddf03a","movie","The Day of the Jackal","1973"
"13c41461-9844-492e-abd1-cd13a3af3878","movie","Badlands","1973"
"40d8cd40-8310-4d39-9e64-00d7b3008e21","movie","Cabaret","1972"
"40978c96-bc4b-4c7f-8927-bde4414ea37f","movie","Willy Wonka & the Chocolate Factory","1971"
"72ab82f2-8f25-4b15-96cd-05cd0cf86ff4","movie","Midnight Cowboy","1969"
"2f3089e5-b5e9-4a15-9ac3-b4f397cfa427","movie","Wait Until Dark","1967"
"c6571192-6f25-446c-9b75-d7085a7254cc","movie","Guess Who's Coming to Dinner","1967"
"564cb007-f72a-40d1-bfab-df3d56fb6f07","movie","Bonnie and Clyde","1967"
"47564bd5-2152-4bdf-8f78-be676efd9209","movie","My Fair Lady","1964"
"c09ef937-59cc-436e-b568-ddb258901dbf","movie","Mary Poppins","1964"
"33a91ebd-ee14-426c-866c-ddd36b9f1f63","movie","The Longest Day","1962"
"5e072a6b-4147-4610-92a5-d4e52da4ca35","movie","Jules et Jim","1962"
"970bad70-ea3a-4fe3-80b0-6530f9728afe","movie","The Innocents","1961"
"4ba6b939-966b-4905-97fc-9bcd3d7c94ba","movie","À bout de souffle","1960"
"b85fc67a-b45a-4505-b7f3-3d13c435b299","movie","Red River","1948"
"b0236237-6ccb-4bd3-ba0a-872674cfa61a","movie","Key Largo","1948"
"8f063fc2-d09c-414d-a27c-5a4b4ea86c21","movie","To Have and Have Not","1944"
"5a25354b-fa83-4eb1-9a3b-5a8578cdc376","movie","Shadow of a Doubt","1943"
"78d4d597-c7ea-4f1c-a3ac-0e92a6029124","movie","Stagecoach","1939"
"d80006b7-1d3e-4ef9-aad5-8e12332bedaf","movie","The Lady Vanishes","1938"
"86dd78ce-a2e0-4783-9bcb-acd0cadc8c05","movie","Bringing Up Baby","1938"
"5c85ae6a-f5c6-43f5-95b1-159c040bba37","movie","Bride of Frankenstein","1935"
"c9804ebd-953e-43f2-9756-024bef78e9b3","movie","Duck Soup","1933"
"ea2faad5-96dc-49b4-b6e2-f4212395a720","movie","Scarface: The Shame of the Nation","1932"
"f7c25eaa-0050-4c0e-af73-e1ef9246af5c","movie","Frankenstein","1931"
"b107c8fe-cadd-4f2c-b5c0-23d564d9bfc9","movie","Roma","2018"
"e219c9bc-004c-4b8f-bd25-6759d40b9d8d","movie","God's Own Country","2017"
"c7dc1db3-9b97-42c9-bffc-474a5bf59d20","movie","Deadpool 2","2018"
"0ef99a35-6a35-4761-a2fc-b6b40ca0e772","movie","Wind River","2017"
"b5d06340-c3b4-4e7d-95ab-e3633602c464","movie","Get Out","2017"
"486841ed-db24-4cbb-b33f-a57bae0e8b6a","movie","Mission: Impossible - Fallout","2018"
"da992256-9153-4bc0-b828-b18694d37726","movie","En man som heter Ove","2015"
"baf3817b-5e59-4935-9de2-c2f064874e16","movie","What We Do in the Shadows","2014"
"459919db-902e-42a4-9c2e-07cd93cea074","movie","Omoide no Mânî","2014"
"fd8e63e8-c661-47ca-8ab6-d516aca91d8a","movie","The Theory of Everything","2014"
"01282207-37a8-4315-b5d0-5c2b101b3030","movie","Kingsman: The Secret Service","2014"
"2224c305-1b8e-4044-8180-17cd8afffa23","movie","The Fault in Our Stars","2014"
"a11f0df5-de65-419d-b0db-472454a7923a","movie","Me and Earl and the Dying Girl","2015"
"43afce45-f7e8-4cd9-8b2d-fe9baeb5ab6c","movie","Birdman or (The Unexpected Virtue of Ignorance)","2014"
"d542bf8d-f9e3-48b1-a27e-4a1fa9eca964","movie","La vie d'Adèle","2013"
"a3adc544-4a42-4e07-8d57-61f73cde11b0","movie","Kai po che!","2013"
"8e65f57e-f679-46f6-8d55-6dc6c55002fb","movie","The Broken Circle Breakdown","2012"
"62292e4c-606f-4aac-8804-ed40093023f0","movie","Captain America: The Winter Soldier","2014"
"a423c815-59a5-4688-b5ee-a19a22014380","movie","Rockstar","2011"
"cdfbbbab-a946-489c-8aad-409da30bbbd7","movie","Nebraska","2013"
"df949bde-c107-4641-98d5-eee6ddd6bd47","movie","Wreck-It Ralph","2012"
"684fb29a-0f88-4819-a07b-18232cf8fdc3","movie","Le Petit Prince","2015"
"1cd03e27-4b1b-4b5f-8146-4e8cc93dbe82","movie","Detachment","2011"
"36c4ceb1-3b45-4562-90be-cea0517384cc","movie","Midnight in Paris","2011"
"757c2946-737a-4354-ad53-58f317738a8f","movie","The Lego Movie","2014"
"7a10d3e7-2eda-447b-b8e5-64cf8ea7a8dd","movie","Gravity","2013"
"5b3f9ff3-dfa9-4128-97f5-3ba593de9b4c","movie","Star Trek Into Darkness","2013"
"072e8211-4cd3-4066-ae7b-3719739ad3c4","movie","Beasts of No Nation","2015"
"f5000a17-1f4e-4bc2-9ce9-0a4786d8e7e4","movie","The Social Network","2010"
"de768b0c-8862-4a39-b434-e3f9d9641c23","movie","X: First Class","2011"
"6a969e02-a42a-4802-91df-981743bd43e3","movie","The Hangover","2009"
"c5f9800d-cc4c-4cdc-9bbf-224394d2f77e","movie","Skyfall","2012"
"5cf849bb-4acd-479d-adaf-c957308632f0","movie","Silver Linings Playbook","2012"
"115125c3-104b-4196-a51b-295bc351e849","movie","Argo","2012"
"7df5b513-cba3-4058-8d1c-3d6a2f63c356","movie","(500) Days of Summer","2009"
"e28a7ec2-ad36-447f-8716-cdf968ec187e","movie","Harry Potter and the Deathly Hallows: Part 1","2010"
"1209f60f-386d-4915-aa44-61f4bf4005d9","movie","Gake no ue no Ponyo","2008"
"f7a31a3f-5330-4a3e-9de6-e331d8134f35","movie","Frost/Nixon","2008"
"3fe6dd20-aa80-4fe4-afbe-c78004f494c6","movie","Papurika","2006"
"e9343c76-3992-4e60-bf92-9a033fadb363","movie","Changeling","2008"
"4f23fea2-9108-4822-9ac2-dfa987fb4cda","movie","Flipped","2010"
"b52fb0c3-b7eb-4baa-abbd-5d84f87e4e02","movie","Toki o kakeru shôjo","2006"
"c21eeac4-0963-487f-9322-704cd2e7d028","movie","Death Note: Desu nôto","2006"
"90d27d63-4648-4e08-919f-bc6a27f5c4de","movie","This Is England","2006"
"d9c1eeb7-73ba-4daa-9e3e-44bbab293e1d","movie","Ex Machina","2014"
"def9b660-8ff2-44b0-b1d9-8a433bd333da","movie","Efter brylluppet","2006"
"ec6c8837-2bb3-4683-bfdc-60db13584752","movie","The Last King of Scotland","2006"
"aa172d6f-03cf-4f39-bc0d-fc551653b60d","movie","Zodiac","2007"
"38b3c7b6-b7c4-40c4-bebc-30f585fabf39","movie","Lucky Number Slevin","2006"
"8bb847f0-df8b-4e30-a69d-5e4f3f74ae22","movie","Joyeux Noël","2005"
"3ec7afc4-922a-4194-8c10-f3dd35ac6b1e","movie","Control","2007"
"676b1e09-af5a-4ffd-9832-a28b1f801187","movie","Tangled","2010"
"b5a6b5c2-c825-4934-9bc9-5544478e2ea9","movie","Zwartboek","2006"
"9ea99129-3846-4df6-aae1-458943b7abe1","movie","Brokeback Mountain","2005"
"ee2603d8-b650-4951-8e5e-81a7707483e3","movie","3:10 to Yuma","2007"
"2dd78f9e-514c-445c-9e15-63e9553fa177","movie","Crash","2004"
"5156e2f9-3d86-4954-8144-0b7ad25f92ce","movie","Kung fu","2004"
"c586ab7f-4d82-4967-a7dc-7953dcdbbf51","movie","The Bourne Supremacy","2004"
"d61328ea-ac1f-42b2-aaa0-5d0c2c246f93","movie","The Machinist","2004"
"9974eb4b-b1fe-423b-8524-e68e9b3d4f47","movie","Ray","2004"
"e33418f3-cd42-4d48-aba3-17b43da34c0b","movie","Lost in Translation","2003"
"e4b6558f-0843-4a28-8933-8d2ebf4ddd8d","movie","Harry Potter and the Goblet of Fire","2005"
"4c85ef8e-17ea-41c8-b551-8f50878f8424","movie","Man on Fire","2004"
"39eecebf-4447-4438-af12-18f70282cd62","movie","Coraline","2009"
"086ffa9f-4777-4221-a036-e4d0498b5476","movie","The Last Samurai","2003"
"d71a78c3-d9e5-40bb-9107-16682ca8dbbe","movie","The Magdalene Sisters","2002"
"f6503fa8-164a-4aa7-8041-a3ec0ee3fbf3","movie","Good Bye Lenin!","2003"
"be996c92-25d2-4192-bd2c-3517ab70457c","movie","In America","2002"
"f8dff582-1ece-4ab8-9efb-8d51f11c3f2a","movie","I Am Sam","2001"
"7c5dba68-14cc-42af-aa53-84e4252c4762","movie","Adaptation.","2002"
"f41b03b6-f0c0-4f6e-8f39-a3a98f3698c9","movie","Black Hawk Down","2001"
"f0060ce5-4670-4cc6-96d5-d712c68d4920","movie","Road to Perdition","2002"
"2ddd3d71-2bb4-48de-93a9-ad65f225cdf4","movie","Das Experiment","2001"
"6eef1260-1900-449f-bcfc-811fb3f3dc59","movie","Billy Elliot","2000"
"ef7a48ed-3c75-4a3f-a527-a3c60883b0d8","movie","Hedwig and the Angry Inch","2001"
"290a68ed-f0fa-4f13-a410-ba0e6e90ad29","movie","Ocean's Eleven","2001"
"ba3dc39a-0c18-4242-bb19-6bb7ea690d21","movie","Vampire Hunter D: Bloodlust","2000"
"dc1a79a4-f7be-41e0-9800-6d26a626eefe","movie","O Brother, Where Art Thou?","2000"
"6e842c3b-12e6-4f34-be2d-5ddf5ffc665c","movie","Interstate 60: Episodes of the Road","2002"
"566b6125-fdf5-4910-9695-74cff2bc88d0","movie","South Park: Bigger, Longer & Uncut","1999"
"1bde382a-a734-4849-ac93-d841970d3b83","movie","Office Space","1999"
"5dded570-c0b7-411d-8890-d7c9e3926fb3","movie","Happiness","1998"
"4db4a17e-2d88-482b-863e-b7dd15a74539","movie","Training Day","2001"
"4d8ef571-1867-4fea-84cb-bb57bd484b6f","movie","Rushmore","1998"
"18378290-a3c1-44c9-9535-261341b9e0f3","movie","Abre los ojos","1997"
"ed00a99d-d800-4ea8-bbd9-8e0ba41d66cf","movie","Being John Malkovich","1999"
"de053a3d-38ef-473b-b47e-58544960672b","movie","As Good as It Gets","1997"
"0a5b895f-1b5d-4f54-aedc-bccf5a8eca6c","movie","The Fifth Element","1997"
"35d47645-ec0d-473f-b390-c5e735f21f8b","movie","Le dîner de cons","1998"
"af9ab2af-0b66-4c38-8239-1240c812a17b","movie","Donnie Brasco","1997"
"60a50650-8161-4550-bea4-e7961adc3798","movie","Shine","1996"
"326f63f7-b56e-48ca-a311-17f0353003c6","movie","Primal Fear","1996"
"9c1dce43-8c23-4088-8d60-b793a5a15834","movie","Hamlet","1996"
"fff3d1d7-a12c-43b7-86d6-b8e4d4a5a5db","movie","A Little Princess","1995"
"164f2fce-3ba9-4cb9-a06e-259a218443c9","movie","Do lok tin si","1995"
"3f84d33f-a121-468b-a371-575db92da87e","movie","Il postino","1994"
"eee8e893-6034-44ac-8fd1-ac3840d88d5d","movie","Clerks","1994"
"bae9a9a6-459a-49f5-a943-8501d367da63","movie","Short Cuts","1993"
"23d7d710-4afd-48ec-8b41-e79fdaab90db","movie","Philadelphia","1993"
"50a646a9-933a-4a19-be01-1da995b388d8","movie","The Muppet Christmas Carol","1992"
"0aa7f960-898a-42fb-896a-3d7ad78849c2","movie","Malcolm X","1992"
"c7ba2345-7c41-4251-b569-7a831010f205","movie","The Last of the Mohicans","1992"
"eb546135-e54c-47ac-8737-3966c0d85e78","movie","Kurenai no buta","1992"
"bacd0865-7ad2-476a-af2c-d06e46bfe251","movie","Glengarry Glen Ross","1992"
"e06ae9be-0d34-4578-ab68-ab3b0e7e900f","movie","A Few Good Men","1992"
"9ae17579-e528-4c04-bc4c-a7523eea3601","movie","Fried Green Tomatoes","1991"
"ee82a06f-5f8c-4598-953d-3c8f5d3ee4cf","movie","Barton Fink","1991"
"490e6c7f-1333-406c-ba3d-e17a918294f0","movie","Miller's Crossing","1990"
"f7effd07-0236-4d2f-96c7-41cd8ee8f9f4","movie","Who Framed Roger Rabbit","1988"
"68277109-d710-4a22-837f-ae35f075c887","movie","Spoorloos","1988"
"d0417b3d-2296-42ad-a599-b740cd4ecf92","movie","Withnail & I","1987"
"b5975403-2d7e-4e48-a215-5fb12d8adf50","movie","The Last Emperor","1987"
"6c97402f-17e3-48b7-93f6-a464e65cd5cf","movie","Empire of the Sun","1987"
"f0fc65c5-db3b-4892-8236-1cf00586a271","movie","Der Name der Rose","1986"
"cebb02d8-5519-402e-b8da-0077089d9c56","movie","Blue Velvet","1986"
"f59a8124-9fec-40fa-abdc-31c0992c1153","movie","The Purple Rose of Cairo","1985"
"f41417a3-9f7f-4508-ad44-c56f344b61a7","movie","After Hours","1985"
"781d97be-92da-4c6a-b29a-cf8a0d59be71","movie","Zelig","1983"
"04555732-07df-4009-becc-8f70d97b7bf6","movie","The Verdict","1982"
"2e8e5ba0-900d-4de2-9004-d6471de8e85c","movie","Star Trek II: The Wrath of Khan","1982"
"bd41b3eb-f448-4463-88b3-cbf55ce68ec8","movie","First Blood","1982"
"f90d5485-219a-4a78-9ade-434e4fdcc88f","movie","Ordinary People","1980"
"8cc2d3b4-f2aa-49fa-b3ed-113705d81ef0","movie","Airplane!","1980"
"75d214c0-d90a-40ac-b5f4-2c299bd074ac","movie","Rupan sansei: Kariosutoro no shiro","1979"
"8cd48f98-6371-4ee9-84d2-bab10bbf9d09","movie","Halloween","1978"
"8edb2c60-b4b0-4097-8b35-23ce799b0b1a","movie","Le locataire","1976"
"9c388885-97b8-4f59-9d81-fba2ae517601","movie","Love and Death","1975"
"ca6118b1-543e-41db-bf75-4d3a42cc25db","movie","The Taking of Pelham One Two Three","1974"
"704f6952-e6d6-43c1-8fe2-ca9ea8ca4868","movie","Blazing Saddles","1974"
"42c747d7-2c0d-44e2-95d5-777efc192223","movie","Serpico","1973"
"697ace81-074a-4f46-a40a-cf41f1780db4","movie","Enter the Dragon","1973"
"1dc39343-0653-4146-b8fb-e349aade87f4","movie","Deliverance","1972"
"22bd2c27-9dab-4f68-a733-61852f42309b","movie","The French Connection","1971"
"922cdf06-fc76-47bf-a805-594b56bcd59f","movie","Dirty Harry","1971"
"ba09bb97-ae27-42bd-97bd-68294bc8decc","movie","Where Eagles Dare","1968"
"137aff2b-f737-4441-b497-17bc61a4ffd2","movie","The Odd Couple","1968"
"67e13f09-53ac-4ba1-9802-a06197d216bc","movie","The Dirty Dozen","1967"
"c481320b-9c39-4dfe-97c9-5801dbf8886d","movie","Belle de jour","1967"
"fcedb8fb-ece8-43aa-ab97-50c0364c802b","movie","A Man for All Seasons","1966"
"d2af3073-1c9c-4413-b97d-3b59f6a2591e","movie","Repulsion","1965"
"17b37bce-6964-49fe-8f9f-9f4bd870f5c6","movie","Zulu","1964"
"f9766d71-afb0-4a7c-a09c-8a0f36f3e425","movie","Goldfinger","1964"
"38604519-40ea-4f45-9c8a-946a0f95200e","movie","The Birds","1963"
"789ba539-6e4b-4281-a845-fea3717d5b99","movie","Cape Fear","1962"
"995196ed-67f5-47f6-9b8d-81d659eca0bf","movie","Peeping Tom","1960"
"06089831-8f60-4c16-8372-a0c637b0ebe1","movie","The Magnificent Seven","1960"
"b35eb241-f336-48f6-aaeb-9bd8f1331a99","movie","Les yeux sans visage","1960"
"8dba1f85-76e8-44d9-80e3-94349b6e536a","movie","Invasion of the Body Snatchers","1956"
"a9474db3-ddb1-4856-bf62-a218d4c5c721","movie","Rebel Without a Cause","1955"
"26a6b65c-621d-4937-88ec-6fd469b7bc7a","movie","The Ladykillers","1955"
"2ce8ccf1-a76e-4214-9bc6-0bcee8c7d6f8","movie","Sabrina","1954"
"6e23b3fd-f4c9-4079-9631-dadacf41c40a","movie","The Quiet Man","1952"
"f1e6be37-35a0-4733-90b1-d1ce6497c15c","movie","The Day the Earth Stood Still","1951"
"21e4c3d6-7079-4cbf-a719-ea5ccfdc0f15","movie","The African Queen","1951"
"06105675-fe71-49ff-85e9-7665a6cb014b","movie","Gilda","1946"
"3868e448-5e11-4bc7-abf0-7df607885ee0","movie","Fantasia","1940"
"0a4ddb0a-2132-479c-b660-0058947bed7d","movie","The Invisible Man","1933"
"3c4d9162-a808-4639-8095-0c6d2bafe08b","movie","Dark Waters","2019"
"56ab553f-e2fc-4c9d-94c8-cc2c918c99ca","movie","Searching","2018"
"1f239484-33ab-4ccb-9739-855104526efe","movie","Once Upon a Time... in Hollywood","2019"
"abe5a154-19ae-437d-9833-2819e63f03b0","movie","Nelyubov","2017"
"11795f7c-b893-4dbf-9468-cf9b8e0a7c87","movie","The Florida Project","2017"
"513653e7-020e-4c52-b0d2-d1dd61706711","movie","Just Mercy","2019"
"ee565fab-9451-49e4-95bb-5d78b011cd75","movie","Gifted","2017"
"3813512e-2a28-4fa9-bc7a-a351d33bc0dd","movie","The Peanut Butter Falcon","2019"
"f6d334e0-074f-4d0f-bd1f-d92214240785","movie","Victoria","2015"
"70cb4176-68af-44f3-9eac-b19a8185d2af","movie","Mustang","2015"
"d0bd6c11-d6d2-4615-919d-522d3bd8838d","movie","Guardians of the Galaxy Vol. 2","2017"
"7526a6fa-ff96-4839-9140-68e78b789bc2","movie","Baby Driver","2017"
"958006e6-6d6d-461d-b72a-d1b564a75053","movie","Only the Brave","2017"
"b34c6bf0-4333-42f2-bddd-0ba53835dd35","movie","Bridge of Spies","2015"
"de69e102-c6b3-435d-b3d6-500da0445be3","movie","Incredibles 2","2018"
"1d1da65f-60db-4be3-a16d-030a404fc1ab","movie","Moana","2016"
"0aeb0cac-58ea-412e-b557-25098ef6b47e","movie","Sicario","2015"
"89679951-2447-4e2e-a804-d5084a858f11","movie","Creed","2015"
"7408e329-b6b2-41f1-853e-8597954bd4ff","movie","Leviafan","2014"
"9d8c51b7-f228-4f0b-b062-61727a33d616","movie","Hell or High Water","2016"
"333e5018-6139-48aa-be23-8351aa4f1185","movie","Philomena","2013"
"d588d0b8-04f8-4e19-91f0-5772daeb5430","movie","Dawn of the Planet of the Apes","2014"
"76b3368c-6a66-4dc8-9fdb-80cef4ecd4c0","movie","El cuerpo","2012"
"3cb604d3-02e8-45f7-ad18-e2e4c9c50616","movie","Serbuan maut","2011"
"46b5d6de-e448-4737-a1f5-502ba2d24f7d","movie","End of Watch","2012"
"78506a73-356d-41f9-a578-272de09b8ea5","movie","Kari-gurashi no Arietti","2010"
"57f8c5f7-a287-483d-98ca-577d7058f0ca","movie","A Star Is Born","2018"
"548f2636-c928-4564-90c7-ac7a7f0b272d","movie","True Grit","2010"
"66d250d4-4f25-4cd5-a3d6-ff5bf87da0e7","movie","Hævnen","2010"
"79ef661e-7ee0-4d46-9c14-8788d3a80573","movie","Despicable Me","2010"
"2491f9c9-c079-40e1-961c-153a7a6f9fb9","movie","50/50","2011"
"28eaea58-53b9-4dff-9b85-ee5a31aea143","movie","Kick-Ass","2010"
"9029e493-064a-487b-8c16-32ec45688286","movie","Celda 211","2009"
"3b1f573f-4eb4-49bb-843b-b86d4947cae8","movie","Moneyball","2011"
"70ef0756-878e-4c4c-bd4c-2a1d72edc9c6","movie","La piel que habito","2011"
"5ba4c8e6-0bc9-4a81-b6ed-d77bfc20c55f","movie","Zombieland","2009"
"a3716748-d3ec-436a-b803-4712649e6f30","movie","Die Welle","2008"
"103bd72e-da25-46f4-8e02-ef9c932361a4","movie","Sherlock Holmes","2009"
"c714e258-c8ae-4017-a1a7-dd07842322aa","movie","The Blind Side","2009"
"f65d2bbb-56c2-4089-bbc5-7fecd7663929","movie","The Visitor","2007"
"267232ce-c894-4dbb-bc86-3344cd2f72bb","movie","Seven Pounds","2008"
"8929f682-0ed6-42fa-8ed4-127333df8cd9","movie","Eastern Promises","2007"
"4fea0124-a0f8-4a54-a497-50eae26780a4","movie","Stardust","2007"
"e9b5d91f-dc7f-4009-a855-0492459f0bcd","movie","The Secret of Kells","2009"
"a41a3e8a-279f-4d69-bc1e-49b1f4e72425","movie","Inside Man","2006"
"92e61929-6e21-453b-8660-c58643bd1670","movie","Gone Baby Gone","2007"
"58f97cde-cc34-4d0f-9369-f8945edcf5e4","movie","La Vie En Rose","2007"
"f5c4571b-788d-4559-a03f-7108076eacf3","movie","Huo Yuan Jia","2006"
"b78d140c-b3c4-4648-bc58-d55b00d6dd8b","movie","The Illusionist","2006"
"13601f39-452c-4e6d-ac6a-a6f40f6c82e8","movie","Dead Man's Shoes","2004"
"5765df55-5d37-439e-bbcb-b801806d3b55","movie","Harry Potter and the Half-Blood Prince","2009"
"98630d7b-65e0-4ace-9026-b278769ecda5","movie","300","2006"
"30511abd-523a-4b16-923f-9c8626f49612","movie","Match Point","2005"
"4e8a138a-30a8-4013-bc46-e8be6e551757","movie","Watchmen","2009"
"188e01f3-a812-4b18-9391-1c9d9cb0d3bd","movie","Lord of War","2005"
"a4a0e7fa-600d-4a4c-b0a7-8fecec391649","movie","Saw","2004"
"b7886a56-4c4c-4bf7-82ad-a47881d9796c","movie","Synecdoche, New York","2008"
"4f5b7a41-6dd1-4af5-b902-256d375e2c10","movie","Mysterious Skin","2004"
"562c41e3-4d8d-4904-991b-fb9c55ecff36","movie","Jeux d'enfants","2003"
"eda80d66-ffea-473b-9639-1a10dc81d267","movie","Un long dimanche de fiançailles","2004"
"2475a456-650f-4da6-9167-1b46b5bf2964","movie","The Station Agent","2003"
"7ab42029-9ee3-4b25-819a-b57d1c67a038","movie","21 Grams","2003"
"928226d6-d3b7-4a0b-ac16-91051722239b","movie","Boksuneun naui geot","2002"
"6ec380d0-c00d-43d6-879e-3a35ad951f49","movie","Finding Neverland","2004"
"553e47d0-57b3-42c1-8857-a2f4c773edc5","movie","25th Hour","2002"
"6e6ffb0c-dda6-4a17-b03f-386c920a308f","movie","The Butterfly Effect","2004"
"3668bdba-581c-401c-a526-39039ed0009e","movie","28 Days Later...","2002"
"b534c1c0-6247-4330-8ab0-554f70133785","movie","Batoru rowaiaru","2000"
"fcdfdb68-a7b4-4e0e-9746-92a16fa5ef5a","movie","The Royal Tenenbaums","2001"
"f3d4b04f-40fa-42d3-adcb-50a37f0fb60b","movie","Y tu mamá también","2001"
"17926185-c680-41cf-b493-df98a2764c6b","movie","Harry Potter and the Sorcerer's Stone","2001"
"b16e31b1-f254-4e39-823f-423fcaa0f318","movie","The Others","2001"
"78a75109-9e04-429e-8276-3d373b7bd6dd","movie","Blow","2001"
"690796c7-1287-4287-87a9-34908aac384f","movie","Enemy at the Gates","2001"
"ef0a5645-3896-46ea-9fc5-272800eb1e89","movie","Minority Report","2002"
"c6c52203-6575-4739-8513-6aaac3e18f0a","movie","The Hurricane","1999"
"e43de70b-56de-4282-99f9-b3fca6461453","movie","American Psycho","2000"
"58a5573d-f956-4a80-9e3f-364cfa555b11","movie","Lola rennt","1998"
"bf8bebb8-558c-4ed9-9594-39a1d16e54ac","movie","The Thin Red Line","1998"
"11968cb1-5ea0-40f3-8d64-d8627a46d4ec","movie","Mulan","1998"
"29769c17-69e9-4a2f-819e-3847edb51bbf","movie","Fear and Loathing in Las Vegas","1998"
"054216e9-33c8-450e-8801-12d345ca2dca","movie","Funny Games","1997"
"630a2311-a578-4bdd-81f8-12d561a6471f","movie","Dark City","1998"
"817ffe4a-d4b9-41b0-aa9b-b2a379874ad5","movie","Sleepers","1996"
"fd60b52d-7388-4d35-b534-c507a31b53b8","movie","Lost Highway","1997"
"b8f5566f-7ef9-4395-9a34-cd1dea2e8535","movie","Sense and Sensibility","1995"
"cbdd6ff1-e223-4b33-a01e-66335fdb47f0","movie","Die Hard: With a Vengeance","1995"
"7ab3ab21-c580-4e64-a5c2-2421251304a6","movie","Dead Man","1995"
"c4165e93-15da-438e-96ee-8061f7ae8c8f","movie","The Bridges of Madison County","1995"
"cf4f9c8a-59a4-42d8-8752-479842c32a6c","movie","Apollo 13","PG"
"580cec9d-ff64-4a0f-8a7c-d0c248863c71","movie","Trois couleurs: Blanc","1994"
"e8f52091-e4f3-4c45-b166-92b1b8d7967b","movie","Falling Down","1993"
"b61ee239-7e16-4085-b3c3-9955b40ddebd","movie","Dazed and Confused","1993"
"3c2d7ed2-1d73-42bd-953f-a96480cc0a1c","movie","My Cousin Vinny","1992"
"232b261d-b80d-4d66-97de-5e05eb791fbd","movie","Omohide poro poro","1991"
"c4de12d6-05df-422d-88dd-df8a05a77ebe","movie","Delicatessen","1991"
"5e3b358d-df7c-4d4f-8e73-ff71108cfadd","movie","Home Alone","1990"
"b728b494-c946-45f1-8676-7e4c8dae1d5f","movie","The Godfather: Part III","1990"
"212e08db-7b4a-4bd2-a435-7e6f4701c627","movie","When Harry Met Sally...","1989"
"a76aea55-cc8e-4ba4-acb3-f583e0bfd65a","movie","The Little Mermaid","1989"
"6465b6b0-d479-4382-a9b6-17ecbddd9ae2","movie","The Naked Gun: From the Files of Police Squad!","1988"
"f21088e7-6b36-47bb-959a-010baf02057c","movie","Planes, Trains & Automobiles","1987"
"7afb2036-a305-4f13-86d8-c7af787e2614","movie","Lethal Weapon","1987"
"33ec0763-f548-4477-a18a-976209f8d1cb","movie","Blood Simple","1984"
"af85b5ec-f2dd-4020-b5be-0e82435b0c0c","movie","On Golden Pond","1981"
"231698f6-5ec4-46d8-9b25-fa01cd772d0f","movie","Mad Max 2","1981"
"318a6c04-47e1-44f6-8817-70a4763e4083","movie","The Warriors","1979"
"b5c25afb-a0e7-4292-b448-08f416ce2eb7","movie","The Muppet Movie","1979"
"7adba320-3582-4758-b08b-923ab68d7631","movie","Escape from Alcatraz","1979"
"32641141-55e9-4247-b993-8d124a23fa5c","movie","Watership Down","1978"
"a49a209e-a0ff-49a8-8641-4cd38d9c7676","movie","Midnight Express","1978"
"2eb6c902-a663-406b-8bbf-864056c06d79","movie","Close Encounters of the Third Kind","1977"
"4daa3fc9-9fe3-4e50-9437-efcc87ec1d07","movie","The Long Goodbye","1973"
"2d66fcf3-c6d9-4981-8d59-0f8557673518","movie","Giù la testa","1971"
"6a8dbd68-20b2-495f-b2c6-2e509678707f","movie","Kelly's Heroes","1970"
"9823bc5f-07a2-4eb9-aec2-be6cd4b8bc0b","movie","The Jungle Book","1967"
"749d9dc2-3139-4fae-8e7a-d75301666dc9","movie","Blowup","1966"
"1ad306aa-8e1b-4225-951f-c98de5daa1ba","movie","A Hard Day's Night","1964"
"f422f610-3bb2-41ec-9a68-414d3cd0f1da","movie","Breakfast at Tiffany's","1961"
"1ccc2e22-9bda-488c-9953-a5542cb0a7b9","movie","Giant","1956"
"0e09e89e-3a6a-4228-9a55-7ed645fa38c4","movie","From Here to Eternity","1953"
"965f4665-da14-4ce8-a6c6-18f84207c61e","movie","Lifeboat","1944"
"47209305-6e15-4c7e-91d9-9baa1e0ef795","movie","The 39 Steps","1935"
